Year,Region,Latitude,Longitude,Disaster Type,Severity Score,Claim Frequency,Claim Amount (USD),Risk Score,Risk Category
2020,Canada,54.4007,-106.2358,Hurricane/Typhoon,9.0,2569,105894329.97,72.3,High
2011,Italy,40.0441,12.1075,Earthquake,8.6,415,72468296.81,45.8,Medium
2010,Australia,-24.3382,134.283,Wildfire,8.3,390,23142081.8,39.4,Low
2021,India,19.9442,79.5312,Tornado,7.1,366,17828544.53,33.8,Low
2014,Japan,34.7394,139.1142,Drought,3.1,512,5568576.26,18.1,Low
2013,Japan,34.3676,139.9835,Hurricane/Typhoon,9.0,2524,172651660.82,78.5,High
2013,USA,37.6776,-96.5656,Tornado,4.2,345,13770841.01,21.6,Low
2012,USA,36.5621,-94.1521,Wildfire,9.0,445,32810990.97,43.7,Medium
2021,Japan,36.9683,137.7194,Wildfire,6.2,134,13520022.82,27.5,Low
2011,USA,37.4998,-94.4206,Hurricane/Typhoon,6.3,627,37416346.84,35.2,Low
2020,Australia,-25.4863,134.6407,Flood,6.0,2031,34336050.11,47.7,Medium
2021,Italy,41.2802,14.5526,Earthquake,9.4,108,9612533.5,39.6,Low
2018,China,35.3132,105.3944,Wildfire,9.3,196,21443742.93,41.3,Medium
2011,China,35.6127,102.6949,Flood,6.9,1683,54240478.11,49.9,Medium
2019,Brazil,-13.8096,-51.2038,Drought,4.5,257,5519957.94,21.1,Low
2016,Brazil,-14.6379,-51.3218,Flood,4.5,962,36033613.04,31.2,Low
2010,India,20.8367,78.0071,Earthquake,7.6,676,77245996.32,44.9,Medium
2010,Italy,41.8348,11.0505,Tornado,6.0,375,17515001.84,29.5,Low
2011,USA,37.8177,-94.3279,Earthquake,7.2,116,16935960.29,31.7,Low
2013,Australia,-26.0702,132.4,Wildfire,8.2,228,24067394.29,37.5,Low
2013,Germany,49.6454,9.2539,Flood,7.6,307,9590785.49,34.4,Low
2018,Brazil,-14.3604,-49.988,Flood,8.0,469,13562580.59,38.0,Low
2019,Canada,57.0055,-106.2372,Wildfire,8.7,125,7346609.34,36.8,Low
2010,Australia,-26.9733,133.6333,Hurricane/Typhoon,5.5,2558,200515572.28,67.6,Medium
2018,Japan,38.0651,137.9805,Drought,3.2,354,7208163.1,17.1,Low
2013,Australia,-26.6221,135.509,Flood,8.3,2325,128506624.05,69.3,Medium
2021,Mexico,22.6324,-102.0098,Hurricane/Typhoon,5.5,1540,118373172.92,49.2,Medium
2020,USA,37.6539,-95.3428,Hurricane/Typhoon,5.7,2857,237810869.17,75.2,High
2021,China,37.2301,104.4445,Tornado,4.1,33,2538122.77,17.0,Low
2018,UK,54.4286,-4.5868,Hurricane/Typhoon,7.5,424,29630088.25,37.2,Low
2016,China,35.0187,106.0166,Hurricane/Typhoon,8.2,1963,113551761.38,63.8,Medium
2013,USA,35.3297,-95.9516,Hurricane/Typhoon,5.8,2784,135358418.17,64.6,Medium
2017,Mexico,22.9073,-100.5979,Earthquake,7.4,429,60831177.3,40.0,Medium
2019,USA,36.057,-97.2199,Hurricane/Typhoon,5.6,507,29108249.19,30.4,Low
2014,India,21.0515,77.9531,Tornado,4.7,177,13456441.3,21.9,Low
2022,Philippines,11.6293,120.4074,Drought,4.9,731,14581553.39,28.4,Low
2023,USA,36.663,-95.8811,Flood,6.6,399,6892452.97,31.1,Low
2010,Germany,52.6894,11.067,Hurricane/Typhoon,7.1,740,48733192.96,40.7,Medium
2022,Italy,42.78,13.6154,Earthquake,7.4,633,93315609.08,45.3,Medium
2022,India,19.7444,78.5054,Hurricane/Typhoon,7.2,2852,230509815.3,80.4,High
2012,USA,38.9903,-96.1344,Wildfire,6.5,424,43607366.31,34.6,Low
2021,Japan,36.2365,138.2503,Flood,4.6,1564,80043116.89,42.0,Medium
2016,Germany,49.7558,12.0225,Flood,8.2,1504,33558138.46,51.2,Medium
2015,Canada,57.0873,-107.1431,Earthquake,8.9,595,82575050.96,49.8,Medium
2014,Brazil,-14.3304,-53.8535,Earthquake,6.4,476,71421066.34,37.5,Low
2012,UK,56.2713,-2.6778,Flood,6.1,1132,53728121.72,41.1,Medium
2013,China,34.542,104.7061,Hurricane/Typhoon,8.4,905,80816208.11,50.7,Medium
2022,Japan,36.4903,139.0521,Flood,6.0,1915,41774588.67,47.3,Medium
2015,Philippines,12.5115,122.8699,Drought,6.5,227,5474219.55,28.8,Low
2011,Germany,51.4035,12.4425,Hurricane/Typhoon,6.5,1009,68188030.23,42.9,Medium
2011,Brazil,-14.0449,-51.2165,Tornado,7.1,364,13053670.08,33.3,Low
2016,Germany,52.9893,9.566,Earthquake,9.3,354,61079482.95,46.8,Medium
2011,Philippines,13.631,121.726,Hurricane/Typhoon,7.2,1420,81319654.79,51.1,Medium
2015,Brazil,-14.0572,-50.337,Earthquake,7.2,199,22856009.33,33.1,Low
2023,Australia,-24.4134,133.1555,Hurricane/Typhoon,6.0,2262,119522289.59,58.6,Medium
2015,Mexico,22.7145,-102.3019,Earthquake,6.4,650,70664001.14,39.2,Low
2019,USA,38.7107,-96.8073,Flood,4.5,1552,73380286.65,40.9,Medium
2014,USA,38.1731,-97.6893,Hurricane/Typhoon,8.7,1966,155655234.42,70.0,High
2022,Italy,41.7728,13.1622,Wildfire,6.3,342,32562796.15,31.9,Low
2010,Italy,40.2278,12.8565,Hurricane/Typhoon,7.9,452,42846790.16,40.4,Medium
2021,Japan,37.729,136.9532,Drought,7.0,913,23518161.1,39.5,Low
2017,Japan,37.196,139.7392,Earthquake,6.1,355,52595175.61,33.2,Low
2018,USA,39.022,-96.5718,Drought,5.2,1111,30869356.39,35.0,Low
2011,USA,37.1069,-96.6187,Tornado,5.5,384,18253389.41,27.7,Low
2016,Japan,34.9448,139.1965,Wildfire,7.6,247,15384307.06,34.4,Low
2011,Mexico,25.2182,-101.242,Hurricane/Typhoon,5.3,690,35249941.72,31.6,Low
2018,USA,36.3844,-96.7178,Earthquake,6.8,323,62818389.73,36.7,Low
2014,Australia,-24.3785,131.8157,Wildfire,8.1,113,10932188.17,34.6,Low
2023,India,19.2289,79.7043,Drought,6.6,736,17521074.36,35.5,Low
2020,China,37.6225,103.6602,Flood,8.3,2158,47245850.19,59.5,Medium
2019,Philippines,13.293,121.4334,Hurricane/Typhoon,6.9,2501,220387368.47,74.6,High
2023,Mexico,24.6774,-101.8286,Hurricane/Typhoon,8.1,2452,163805562.45,73.3,High
2015,Philippines,11.1824,122.0267,Flood,6.5,2270,54700314.97,54.2,Medium
2019,Brazil,-15.5719,-50.5021,Hurricane/Typhoon,7.7,2688,186358174.49,76.3,High
2013,Italy,41.6519,10.7825,Flood,5.9,436,17503601.04,29.7,Low
2021,China,35.0927,102.2771,Earthquake,6.0,273,40785477.04,30.8,Low
2011,USA,36.4681,-97.455,Drought,6.7,241,7163181.54,29.9,Low
2010,Germany,50.3084,9.1699,Flood,6.9,1921,61185274.28,52.9,Medium
2020,Italy,41.6641,14.2285,Earthquake,6.3,727,134456066.68,45.9,Medium
2013,USA,38.5311,-97.2355,Drought,4.6,360,8840578.61,22.9,Low
2022,Japan,34.2139,136.3409,Earthquake,8.4,607,79453485.69,47.6,Medium
2014,India,19.5087,78.8025,Flood,4.8,662,10889753.81,26.9,Low
2011,China,36.3197,105.935,Tornado,5.1,44,1146367.32,21.0,Low
2023,USA,37.4811,-94.8969,Flood,7.3,1847,64189394.08,54.1,Medium
2013,Brazil,-13.2125,-50.8157,Flood,8.5,1159,59932332.22,51.6,Medium
2023,Philippines,12.1456,122.1617,Wildfire,6.4,359,39970371.64,33.2,Low
2011,Canada,56.215,-106.6858,Earthquake,7.9,655,121545511.83,50.3,Medium
2016,Italy,42.374,12.2688,Hurricane/Typhoon,8.9,2935,235623418.61,88.5,High
2014,UK,54.6449,-3.7647,Flood,5.7,2403,87248957.65,55.6,Medium
2017,Mexico,22.8329,-101.7197,Tornado,8.1,297,13293912.85,36.7,Low
2020,India,20.71,78.5137,Earthquake,7.2,130,24786727.23,32.6,Low
2023,Mexico,21.9999,-101.6517,Flood,5.2,361,19606964.35,26.4,Low
2015,Japan,37.2468,139.1472,Hurricane/Typhoon,6.9,1663,96772101.2,53.9,Medium
2012,Italy,40.7172,11.3201,Wildfire,8.4,540,61565881.02,45.2,Medium
2015,Philippines,13.6851,121.3565,Flood,5.4,1359,43664368.98,39.6,Low
2015,Brazil,-14.793,-52.8738,Hurricane/Typhoon,7.0,703,61982805.11,41.2,Medium
2013,Philippines,13.9165,121.0509,Flood,5.4,387,15601368.13,27.0,Low
2020,Japan,34.7837,137.2931,Drought,5.3,955,15188172.69,32.3,Low
2014,Japan,35.1201,138.5292,Flood,6.5,1582,42049091.88,46.0,Medium
2021,Mexico,25.496,-101.9832,Hurricane/Typhoon,5.7,1742,87371652.1,49.0,Medium
2020,Philippines,12.8233,123.4376,Hurricane/Typhoon,7.6,540,38575799.06,39.7,Low
2020,Mexico,21.9273,-101.278,Flood,4.0,763,40373772.85,27.7,Low
2011,Japan,37.0287,136.2866,Hurricane/Typhoon,6.5,2830,221486314.88,76.4,High
2019,Canada,57.781,-105.7029,Flood,6.4,1884,29264725.08,47.4,Medium
2020,Brazil,-15.131,-50.0101,Flood,7.7,1963,100657823.69,60.5,Medium
2012,Italy,40.2981,10.9453,Flood,4.9,2356,62101377.17,49.4,Medium
2018,India,21.7697,77.2761,Drought,4.8,598,17823187.06,27.0,Low
2021,Japan,36.9362,139.6415,Wildfire,8.9,82,4636692.9,36.9,Low
2013,India,20.8008,77.1845,Flood,4.8,2247,119180522.17,53.6,Medium
2012,China,35.1851,106.0993,Drought,6.6,187,2729326.7,28.5,Low
2017,Italy,42.6392,12.8271,Earthquake,9.2,750,143302632.91,58.6,Medium
2016,Italy,42.124,10.6916,Drought,4.3,524,11392138.37,23.6,Low
2014,Philippines,13.7208,121.3632,Flood,4.7,1184,47953558.61,35.4,Low
2020,Mexico,24.3381,-102.3878,Earthquake,8.6,755,126009219.45,54.6,Medium
2021,Germany,53.0573,8.6648,Hurricane/Typhoon,8.4,1695,129345661.18,63.5,Medium
2018,China,36.2424,106.0657,Earthquake,8.2,511,70963803.93,45.0,Medium
2013,India,22.3546,78.6874,Wildfire,8.0,137,14255085.41,34.8,Low
2020,Australia,-26.2842,132.064,Earthquake,7.3,699,68860745.58,43.1,Medium
2015,India,20.0328,77.3261,Drought,4.8,652,7853097.64,26.5,Low
2023,USA,36.8139,-95.4821,Hurricane/Typhoon,5.4,667,40843649.78,32.4,Low
2022,USA,37.4822,-96.4123,Earthquake,7.0,447,77554630.83,40.2,Medium
2022,Philippines,13.1081,123.7409,Flood,6.3,1759,39801910.64,46.8,Medium
2010,Japan,35.2736,136.8337,Flood,5.2,1427,52499913.82,40.3,Medium
2013,USA,36.0968,-96.7236,Hurricane/Typhoon,7.4,1100,74218867.77,48.0,Medium
2023,USA,35.1171,-96.1272,Tornado,5.7,178,8261580.8,25.4,Low
2010,India,21.8841,79.5641,Hurricane/Typhoon,6.2,2770,268237756.84,79.3,High
2022,Japan,35.4567,140.1083,Drought,4.2,1396,27668924.18,33.5,Low
2015,Brazil,-15.2603,-52.4158,Tornado,5.8,68,5162833.98,24.4,Low
2016,Japan,38.1891,136.9697,Wildfire,5.1,522,60556303.41,31.7,Low
2014,Japan,37.3907,139.5751,Flood,7.8,1875,84907489.42,58.4,Medium
2011,USA,36.3013,-96.6993,Flood,5.9,1744,31964783.84,44.2,Medium
2013,Canada,56.0469,-106.7368,Hurricane/Typhoon,8.7,2013,146181467.67,69.5,Medium
2019,UK,54.8081,-1.848,Hurricane/Typhoon,7.6,648,30172283.25,39.9,Low
2021,Japan,36.8588,136.9154,Hurricane/Typhoon,7.3,2942,237267339.06,82.3,High
2015,India,21.6007,80.8229,Hurricane/Typhoon,5.0,1359,72461968.03,40.8,Medium
2013,Philippines,13.102,122.5207,Flood,5.7,2096,104287319.37,54.2,Medium
2020,China,35.8619,103.5699,Flood,4.5,1903,107376088.99,47.8,Medium
2017,USA,38.4153,-94.7894,Earthquake,7.2,261,37201316.47,35.1,Low
2016,Australia,-26.8795,134.658,Hurricane/Typhoon,5.3,483,42799188.45,30.3,Low
2020,USA,38.4867,-95.1181,Wildfire,5.7,299,25749752.37,28.4,Low
2017,Brazil,-14.906,-52.2145,Hurricane/Typhoon,8.2,2879,147022199.64,76.3,High
2012,China,35.5885,102.3068,Hurricane/Typhoon,5.8,2725,179231889.52,68.4,Medium
2014,USA,35.9492,-96.5966,Wildfire,8.6,154,16318635.41,37.6,Low
2012,Brazil,-14.7668,-53.1317,Flood,7.0,2204,85398775.65,58.6,Medium
2013,China,36.2479,104.6352,Hurricane/Typhoon,6.4,2175,167565829.65,64.1,Medium
2021,Mexico,24.454,-103.3602,Hurricane/Typhoon,5.3,848,49854890.7,34.7,Low
2018,Japan,34.6678,137.7432,Flood,5.7,764,31221831.82,33.6,Low
2018,India,20.5367,79.1095,Drought,6.7,454,9578606.19,32.3,Low
2014,Germany,49.7212,9.7083,Hurricane/Typhoon,5.2,1770,171885615.14,55.7,Medium
2021,Germany,49.9405,9.9858,Hurricane/Typhoon,7.6,1975,160136555.46,66.2,Medium
2019,India,21.9496,78.9148,Flood,4.1,1103,31042882.66,30.5,Low
2016,Australia,-25.1196,132.4428,Hurricane/Typhoon,8.0,2328,169905753.46,72.3,High
2019,USA,35.5468,-94.6095,Tornado,5.7,397,8931162.64,27.7,Low
2016,Philippines,13.0554,123.7291,Flood,7.7,1213,34445442.22,46.4,Medium
2015,Canada,55.9289,-106.9457,Tornado,6.0,70,4657652.93,25.2,Low
2013,Japan,37.4428,138.6017,Earthquake,8.5,697,91571893.0,50.1,Medium
2012,China,36.9994,105.4441,Tornado,6.6,282,10395958.52,30.3,Low
2018,Brazil,-14.9354,-51.1038,Earthquake,6.9,576,114196951.45,44.8,Medium
2017,China,34.2409,106.0411,Wildfire,9.1,333,36860879.33,43.4,Medium
2011,USA,38.5543,-96.7113,Wildfire,8.7,452,38086474.09,43.1,Medium
2022,Brazil,-15.1551,-52.2631,Hurricane/Typhoon,7.5,681,43700482.6,41.2,Medium
2010,Philippines,13.6488,123.2793,Hurricane/Typhoon,7.0,2683,107718117.25,65.6,Medium
2023,UK,56.3009,-2.5063,Hurricane/Typhoon,7.7,1767,160808263.54,64.6,Medium
2011,UK,54.9609,-1.5575,Tornado,6.2,175,12197607.98,27.8,Low
2012,Australia,-24.9583,134.0346,Hurricane/Typhoon,6.4,498,21292774.62,32.7,Low
2020,China,37.2068,102.2551,Drought,3.6,1034,10353978.26,25.8,Low
2012,Canada,54.9393,-105.5856,Flood,6.9,851,46251042.93,40.7,Medium
2022,Italy,40.2434,12.0017,Flood,7.0,877,15198784.81,38.3,Low
2020,China,36.764,105.2109,Hurricane/Typhoon,5.4,689,27604907.79,31.3,Low
2016,Germany,49.6908,9.3548,Wildfire,5.0,401,42986250.39,28.3,Low
2019,Canada,55.8193,-107.8113,Flood,5.7,619,12159678.71,30.2,Low
2011,India,19.787,78.4909,Tornado,7.9,338,26896826.35,37.7,Low
2016,USA,37.212,-97.6761,Wildfire,7.0,268,25182781.52,33.2,Low
2016,Japan,35.8468,138.9963,Tornado,4.4,61,1732448.1,18.4,Low
2019,USA,38.01,-96.3039,Hurricane/Typhoon,8.2,1314,74396130.07,53.4,Medium
2017,USA,37.3036,-95.31,Hurricane/Typhoon,8.1,409,37167272.24,40.2,Medium
2018,China,35.0666,104.261,Hurricane/Typhoon,8.0,1510,118942981.58,59.0,Medium
2014,UK,56.5451,-4.4726,Earthquake,6.8,703,106343915.24,44.9,Medium
2018,Brazil,-12.3192,-49.9725,Drought,3.5,1264,23279430.15,29.0,Low
2023,Brazil,-15.5389,-52.0359,Drought,3.3,1302,14778548.1,27.7,Low
2010,Japan,34.3593,136.4919,Wildfire,7.3,563,58381805.13,40.7,Medium
2020,India,20.1991,79.5221,Hurricane/Typhoon,5.6,642,37617613.23,32.6,Low
2021,Germany,49.9728,11.6822,Hurricane/Typhoon,6.6,2898,248629411.92,80.2,High
2011,China,36.4326,103.4307,Hurricane/Typhoon,8.8,1277,55516753.43,53.5,Medium
2020,USA,36.8279,-95.8965,Hurricane/Typhoon,6.2,2995,252896274.99,80.0,High
2018,USA,37.9216,-94.904,Flood,8.3,2342,89640115.37,65.6,Medium
2022,Mexico,22.667,-103.0625,Wildfire,8.9,170,17680020.46,39.1,Low
2014,USA,38.3184,-96.6221,Flood,7.2,515,19223219.91,35.9,Low
2022,Germany,49.3818,11.8874,Flood,4.7,621,34305331.0,28.4,Low
2020,China,34.3213,105.1531,Flood,7.9,250,6501203.82,34.8,Low
2015,Germany,50.6919,9.0503,Drought,6.4,1232,32108765.59,41.1,Medium
2011,Philippines,13.4928,120.6681,Flood,8.1,1510,41081978.25,51.6,Medium
2014,USA,36.5812,-95.7018,Drought,3.7,1156,34250288.53,29.8,Low
2016,Canada,54.4057,-106.4796,Earthquake,9.0,385,34791011.14,43.3,Medium
2012,India,20.0657,78.1264,Wildfire,8.3,298,24577510.77,38.6,Low
2017,China,35.8334,105.2805,Flood,8.1,1204,26217686.29,47.1,Medium
2010,Canada,54.2256,-106.1738,Hurricane/Typhoon,7.8,339,32903141.93,37.9,Low
2021,USA,37.7192,-94.314,Wildfire,5.5,592,70340316.34,35.0,Low
2021,India,22.4347,80.8502,Flood,5.3,379,21397334.94,27.1,Low
2014,Italy,41.949,13.3634,Earthquake,9.4,136,20358176.64,41.0,Medium
2018,Germany,51.7089,10.0274,Hurricane/Typhoon,5.2,835,45262263.91,33.7,Low
2022,Japan,35.46,139.4533,Wildfire,8.3,375,30634893.62,40.0,Medium
2012,Japan,37.9742,136.7944,Wildfire,5.5,158,9717987.29,24.6,Low
2018,India,20.2161,79.1037,Drought,3.8,731,14084127.22,23.9,Low
2011,Mexico,21.9917,-101.3196,Earthquake,8.5,667,56587997.84,46.3,Medium
2023,Mexico,22.9412,-104.1851,Flood,5.6,2303,39617997.25,49.4,Medium
2020,Australia,-23.9896,132.4655,Drought,6.4,1238,30902422.35,41.1,Medium
2014,Japan,36.0482,139.4656,Flood,4.1,1110,23179226.12,29.8,Low
2023,Mexico,23.119,-102.0288,Hurricane/Typhoon,7.3,1360,129262172.25,55.7,Medium
2020,USA,39.0786,-96.919,Hurricane/Typhoon,8.2,676,63749962.48,45.9,Medium
2018,Mexico,22.9562,-104.3792,Hurricane/Typhoon,5.7,2650,174871863.98,66.8,Medium
2019,Philippines,12.8545,121.3009,Hurricane/Typhoon,6.4,1066,60227833.95,42.3,Medium
2013,India,19.1845,79.4164,Hurricane/Typhoon,7.6,2343,151637864.36,69.0,Medium
2012,Brazil,-15.9861,-52.8009,Flood,4.9,2353,61676010.05,49.3,Medium
2015,Canada,56.3046,-108.2619,Earthquake,8.5,541,78630095.97,47.3,Medium
2022,Germany,52.8107,10.4596,Earthquake,6.6,376,57021889.84,35.9,Low
2012,USA,38.3328,-96.5863,Tornado,6.1,193,12740032.31,27.6,Low
2018,Canada,58.0259,-107.9395,Wildfire,6.2,107,11072732.43,27.0,Low
2022,Canada,56.4328,-104.4093,Earthquake,9.3,227,22956974.01,41.8,Medium
2018,China,37.0848,104.9805,Drought,3.1,820,23739963.26,23.0,Low
2010,Brazil,-13.9776,-53.1671,Drought,6.5,1108,23093481.17,39.4,Low
2019,Japan,34.3519,136.4747,Hurricane/Typhoon,5.1,2257,90372559.08,52.0,Medium
2015,Italy,40.6759,11.082,Wildfire,9.1,381,20638357.53,42.3,Medium
2017,USA,37.9088,-97.1434,Flood,6.4,1694,98633393.53,52.4,Medium
2010,India,22.3577,78.5424,Flood,5.4,758,44656607.5,33.6,Low
2011,Philippines,12.6175,122.3271,Hurricane/Typhoon,6.3,2601,212277035.76,72.4,High
2015,Canada,57.278,-107.4471,Hurricane/Typhoon,5.7,1556,130765770.71,51.4,Medium
2023,Australia,-26.5592,131.7772,Wildfire,7.6,83,5207895.0,31.8,Low
2022,Australia,-24.0348,134.2155,Hurricane/Typhoon,5.4,2332,112958820.07,56.2,Medium
2014,Philippines,11.822,123.6995,Flood,8.0,563,29261801.84,40.6,Medium
2013,China,36.7771,103.533,Flood,4.9,477,14678078.14,25.8,Low
2010,UK,56.2517,-5.2374,Hurricane/Typhoon,6.7,981,91304730.58,45.7,Medium
2013,Germany,50.6749,10.6341,Flood,6.2,1123,25064846.82,38.5,Low
2019,USA,38.473,-96.5304,Earthquake,9.3,125,15127123.02,40.0,Medium
2011,Italy,40.5136,10.86,Drought,6.9,792,17329443.82,37.3,Low
2011,China,35.7909,102.314,Drought,3.7,989,12997512.72,26.0,Low
2021,USA,35.9122,-96.9501,Wildfire,8.2,321,30893634.65,39.1,Low
2017,Australia,-26.8863,133.3416,Hurricane/Typhoon,7.0,523,32242811.55,36.5,Low
2023,India,19.7682,79.6081,Hurricane/Typhoon,5.8,405,21228957.49,29.4,Low
2011,China,37.7682,104.0843,Flood,7.5,2128,78755910.73,59.2,Medium
2022,China,34.2245,104.3665,Flood,8.0,1713,40077746.02,53.1,Medium
2018,USA,36.849,-96.6564,Tornado,6.5,87,5666667.44,27.4,Low
2022,China,34.2028,103.5652,Hurricane/Typhoon,8.9,2715,145661828.38,77.3,High
2012,USA,36.6384,-95.6197,Drought,5.7,1072,22998994.39,35.8,Low
2012,Japan,35.3954,137.8292,Tornado,4.2,302,22356245.71,22.1,Low
2020,Mexico,24.3401,-102.0689,Flood,7.4,908,52398652.2,43.9,Medium
2017,Japan,35.0476,137.0209,Flood,4.4,1983,47763266.95,42.2,Medium
2018,Mexico,22.2215,-102.1698,Earthquake,8.5,118,10672308.56,36.2,Low
2012,Brazil,-14.0218,-50.4935,Hurricane/Typhoon,8.7,350,30517563.42,41.4,Medium
2014,China,35.9502,103.8684,Hurricane/Typhoon,5.6,2708,202993373.08,69.8,Medium
2018,Canada,54.5308,-107.9175,Wildfire,8.5,598,66742483.94,46.7,Medium
2023,Italy,40.9265,13.1792,Hurricane/Typhoon,6.9,1005,56807472.76,43.3,Medium
2019,USA,37.5246,-94.9354,Flood,8.0,1557,71735846.19,54.7,Medium
2016,USA,36.9909,-96.6357,Earthquake,7.2,360,42233009.67,36.6,Low
2013,Mexico,25.0629,-101.8106,Drought,3.9,715,21081337.77,24.9,Low
2018,India,21.8933,78.0377,Hurricane/Typhoon,7.6,1069,71091702.6,48.2,Medium
2022,Italy,41.4987,12.4978,Hurricane/Typhoon,6.5,530,37585576.54,35.1,Low
2021,Japan,35.4445,138.2772,Flood,7.8,318,7256181.56,35.1,Low
2021,Italy,40.6729,10.7905,Flood,4.2,1676,78283492.15,41.4,Medium
2013,Australia,-23.976,133.7905,Hurricane/Typhoon,5.5,425,23169421.41,28.6,Low
2021,Germany,50.9444,12.2921,Hurricane/Typhoon,7.2,1710,85176496.85,54.4,Medium
2014,Italy,42.8658,13.3154,Earthquake,7.4,216,39411048.79,35.7,Low
2016,UK,54.2273,-4.5446,Flood,4.9,1877,71509299.41,45.5,Medium
2020,Mexico,25.4986,-101.8212,Hurricane/Typhoon,5.5,1009,76753133.68,39.8,Low
2020,USA,36.0996,-94.4897,Earthquake,9.4,708,80036162.31,52.7,Medium
2015,Italy,43.2763,12.396,Flood,5.4,2332,121483177.61,57.1,Medium
2017,India,18.9992,79.0061,Wildfire,8.8,433,38667765.22,43.4,Medium
2018,China,34.9907,104.9277,Hurricane/Typhoon,6.3,1432,112319900.54,50.8,Medium
2017,Mexico,22.6746,-101.7056,Tornado,5.3,86,4389234.9,22.5,Low
2011,Japan,34.4271,139.6793,Tornado,5.8,173,10526244.69,26.0,Low
2013,Philippines,13.4916,123.7599,Earthquake,7.5,447,75278309.62,42.0,Medium
2013,China,37.839,105.4541,Earthquake,8.5,752,108405471.56,52.4,Medium
2011,UK,56.9961,-2.7425,Hurricane/Typhoon,8.4,2993,277120933.37,91.2,High
2015,Japan,34.5904,136.7618,Earthquake,8.8,237,45890500.93,42.2,Medium
2010,Italy,42.4877,11.449,Flood,7.9,1922,96991941.88,60.5,Medium
2019,Australia,-26.2278,132.9462,Tornado,6.1,334,18374835.38,29.6,Low
2018,Canada,54.4149,-104.7823,Hurricane/Typhoon,8.5,1863,133745348.05,66.0,Medium
2013,India,22.0734,77.5631,Drought,4.4,1266,35266838.52,33.8,Low
2019,Canada,54.7029,-104.8904,Flood,4.4,1562,67785293.56,40.0,Medium
2013,Japan,36.738,136.2689,Earthquake,8.7,222,33112070.32,40.3,Medium
2010,Japan,37.3408,139.369,Flood,6.0,1958,64912999.56,50.1,Medium
2011,Canada,55.6633,-108.1891,Flood,5.7,257,14171053.93,26.8,Low
2021,Philippines,12.9941,119.8417,Flood,7.3,1126,52030898.94,45.7,Medium
2020,Australia,-26.7543,133.3042,Hurricane/Typhoon,5.7,487,28193469.85,30.5,Low
2010,Australia,-24.3587,134.1555,Earthquake,9.1,187,22650924.91,40.5,Medium
2013,Italy,41.307,11.3137,Drought,6.7,926,9614190.06,37.0,Low
2011,Japan,38.1395,137.0948,Flood,6.3,704,22173617.18,34.5,Low
2010,China,34.0095,105.6962,Earthquake,7.9,99,14975817.93,34.1,Low
2023,USA,35.5225,-94.3655,Flood,4.5,2019,64832955.63,44.7,Medium
2015,Brazil,-14.3324,-53.3075,Wildfire,7.8,358,28447038.7,37.6,Low
2011,USA,37.1712,-95.2188,Wildfire,6.9,157,13472316.8,30.5,Low
2018,China,34.9908,105.329,Hurricane/Typhoon,7.4,1377,123778432.55,55.7,Medium
2013,Canada,55.5617,-106.701,Flood,6.5,1050,48267635.01,41.3,Medium
2014,Germany,50.098,8.501,Flood,4.5,2223,48264669.32,45.1,Medium
2020,USA,37.1368,-94.8157,Flood,5.2,1146,40744661.18,36.3,Low
2017,Canada,55.1865,-108.1397,Tornado,7.9,158,6574835.02,33.8,Low
2013,China,35.564,102.6536,Tornado,8.0,14,995678.93,32.2,Low
2018,China,34.542,103.6201,Hurricane/Typhoon,7.5,680,42402983.85,41.0,Medium
2012,Australia,-26.8147,133.371,Hurricane/Typhoon,8.3,2258,198690329.65,75.6,High
2021,China,37.0476,102.6422,Wildfire,5.3,213,12196362.41,24.5,Low
2019,Italy,41.8007,12.8358,Hurricane/Typhoon,7.4,1768,135572901.12,60.8,Medium
2019,Mexico,25.1498,-101.6409,Tornado,6.2,259,6935048.43,28.1,Low
2017,India,18.7739,78.0065,Earthquake,8.5,744,106375743.19,52.1,Medium
2013,Philippines,13.7651,120.6659,Drought,6.5,1163,23797379.86,40.0,Medium
2022,Philippines,11.251,122.4169,Flood,5.6,1776,38520463.82,44.0,Medium
2017,Mexico,25.1982,-102.0983,Flood,8.2,2270,120759575.46,67.6,Medium
2022,Mexico,25.1077,-104.2505,Hurricane/Typhoon,6.0,1439,61907280.69,44.6,Medium
2016,Japan,36.7733,137.8631,Flood,6.1,2035,38585418.84,48.6,Medium
2013,Germany,50.4242,12.3727,Wildfire,5.1,463,36513892.33,28.7,Low
2011,Brazil,-16.2293,-53.5564,Hurricane/Typhoon,7.5,1547,144500093.63,59.9,Medium
2011,Brazil,-13.6116,-52.0952,Earthquake,8.9,278,50406429.79,43.4,Medium
2020,Australia,-24.2003,134.1698,Wildfire,6.6,513,29744578.8,34.5,Low
2016,Philippines,11.757,121.1354,Tornado,8.3,159,8404968.15,35.6,Low
2015,India,19.0153,80.5475,Hurricane/Typhoon,8.3,1976,91721356.09,62.1,Medium
2016,China,34.6102,105.9109,Earthquake,7.6,245,40673564.69,36.9,Low
2016,USA,36.7479,-94.0035,Tornado,6.6,240,11386385.43,29.9,Low
2017,China,35.8768,106.0454,Flood,7.3,2466,140781159.92,67.9,Medium
2023,Mexico,23.5617,-102.5167,Drought,3.7,1284,17299338.94,29.4,Low
2021,Mexico,22.0442,-101.9199,Hurricane/Typhoon,6.3,1875,122099783.91,56.2,Medium
2010,China,36.6301,103.183,Earthquake,7.2,351,47153861.14,37.0,Low
2020,USA,36.741,-94.9099,Wildfire,6.3,371,37037377.04,32.6,Low
2020,Canada,56.6603,-107.5364,Hurricane/Typhoon,6.2,1714,163295361.05,58.3,Medium
2020,USA,37.9316,-93.8093,Flood,6.4,1520,71388126.54,47.9,Medium
2011,UK,55.6191,-3.0988,Drought,5.8,1480,36936914.21,41.7,Medium
2010,Mexico,22.7737,-101.1608,Tornado,6.4,22,942748.81,25.9,Low
2016,USA,35.3164,-96.6421,Wildfire,9.4,306,18436496.12,42.5,Medium
2021,USA,38.2274,-96.894,Hurricane/Typhoon,6.4,2153,99358367.22,57.1,Medium
2015,Mexico,24.588,-101.0906,Wildfire,7.5,293,25129016.45,35.4,Low
2022,UK,56.1545,-2.6583,Flood,5.7,1906,110646327.97,52.9,Medium
2023,Canada,55.3806,-106.1315,Flood,5.1,2014,105431402.97,51.1,Medium
2011,Italy,42.6885,13.1505,Wildfire,7.5,251,26186898.31,35.1,Low
2013,Canada,55.3067,-107.6303,Wildfire,5.8,227,23030413.03,27.8,Low
2013,USA,35.2525,-96.5936,Earthquake,6.6,311,25090676.48,32.0,Low
2013,India,22.34,77.1198,Drought,5.4,1380,30790799.46,38.5,Low
2018,China,35.8222,104.4807,Earthquake,8.7,375,53642778.02,43.9,Medium
2017,Canada,56.2124,-105.195,Flood,6.4,1852,35442742.47,47.7,Medium
2012,Japan,35.0534,137.5775,Earthquake,6.8,683,98119689.48,43.8,Medium
2016,Canada,57.4248,-104.4155,Flood,7.0,2025,52276700.24,53.5,Medium
2012,China,37.5344,103.1653,Flood,8.0,1762,99054282.4,59.5,Medium
2014,Canada,55.6735,-106.1791,Earthquake,9.2,433,61363498.87,47.3,Medium
2017,Germany,51.1072,9.6357,Wildfire,6.4,134,15594226.87,28.5,Low
2013,Japan,38.0251,138.4019,Flood,4.3,1073,57859152.07,33.7,Low
2023,India,19.0057,79.111,Wildfire,9.4,495,47153344.17,47.3,Medium
2011,Canada,57.1176,-107.725,Hurricane/Typhoon,6.3,658,29211832.19,34.7,Low
2017,Japan,35.2076,136.5318,Tornado,8.1,218,9435466.46,35.5,Low
2022,China,35.5921,102.2576,Wildfire,7.4,114,11732565.56,31.9,Low
2023,China,36.6635,102.4804,Drought,3.4,717,15868154.16,22.4,Low
2023,Australia,-23.5632,133.2957,Tornado,4.1,90,4680725.92,17.8,Low
2018,USA,36.654,-94.5201,Hurricane/Typhoon,8.8,890,51516217.27,49.3,Medium
2011,Italy,43.7315,14.0286,Hurricane/Typhoon,8.8,345,25257950.69,41.2,Medium
2010,Brazil,-15.7371,-53.8999,Hurricane/Typhoon,7.1,648,37766392.0,38.7,Low
2020,Philippines,14.4842,121.1454,Hurricane/Typhoon,7.6,2399,116464989.56,66.0,Medium
2018,Japan,36.6675,137.261,Flood,7.0,422,22497852.85,34.5,Low
2023,Canada,58.1073,-106.4949,Hurricane/Typhoon,6.2,575,31648722.71,33.7,Low
2010,Japan,36.5224,140.0562,Earthquake,8.3,290,26681567.99,38.8,Low
2011,China,37.4605,103.4611,Hurricane/Typhoon,7.5,1552,126654821.0,58.2,Medium
2022,Japan,36.4674,139.4808,Drought,3.7,741,11058315.55,23.3,Low
2023,Japan,37.1593,137.9945,Tornado,4.6,385,15359104.15,23.8,Low
2013,Germany,50.9414,11.5491,Hurricane/Typhoon,5.4,2944,224914710.93,73.5,High
2012,Mexico,25.0649,-103.99,Hurricane/Typhoon,6.1,2866,127788470.62,65.8,Medium
2016,USA,35.1645,-95.6813,Flood,6.6,1859,92232447.32,54.2,Medium
2017,Japan,34.3466,137.2925,Tornado,6.4,344,22880071.01,31.3,Low
2017,India,19.4832,80.0486,Wildfire,6.3,525,44666276.55,34.9,Low
2013,USA,36.5455,-97.6676,Flood,8.3,879,43136286.15,46.3,Medium
2023,USA,35.7269,-95.4446,Hurricane/Typhoon,8.5,898,75571359.3,50.5,Medium
2016,Germany,50.5952,9.3253,Hurricane/Typhoon,5.3,1813,97976550.8,49.1,Medium
2010,China,35.9315,105.3558,Earthquake,9.2,97,8224490.69,38.6,Low
2012,China,34.2729,106.0638,Hurricane/Typhoon,6.1,1378,102961247.04,48.5,Medium
2016,Brazil,-14.7234,-52.4059,Hurricane/Typhoon,8.6,618,43877860.24,45.0,Medium
2010,India,22.219,79.0255,Earthquake,9.0,548,95965154.14,51.1,Medium
2016,Italy,39.8964,14.0881,Hurricane/Typhoon,5.9,2407,189210948.68,66.6,Medium
2014,Japan,34.9476,137.6989,Wildfire,5.5,285,22521543.02,27.1,Low
2022,Australia,-26.8166,134.4709,Hurricane/Typhoon,7.4,2951,265595606.26,85.7,High
2022,USA,35.2626,-95.4161,Flood,6.8,360,19830922.28,32.8,Low
2017,USA,35.7554,-94.0202,Hurricane/Typhoon,6.6,2608,204095201.15,72.9,High
2014,Italy,42.7819,13.8452,Drought,3.9,1342,40066103.11,33.0,Low
2016,Mexico,22.3123,-101.2285,Hurricane/Typhoon,8.2,1044,80797983.33,51.3,Medium
2021,Germany,49.8309,11.1924,Drought,5.4,240,3503106.18,24.4,Low
2021,India,19.0243,77.7694,Tornado,6.3,224,15588350.65,29.0,Low
2022,China,34.5697,105.7964,Hurricane/Typhoon,8.5,2476,173814587.16,76.1,High
2018,USA,37.019,-97.1887,Hurricane/Typhoon,8.3,2959,194967946.35,82.3,High
2020,India,22.0893,79.7506,Hurricane/Typhoon,8.8,2274,198686964.04,77.8,High
2021,India,20.9462,79.9256,Wildfire,8.1,150,11967638.67,35.1,Low
2017,Japan,37.2634,139.8903,Flood,6.7,2427,81035349.85,59.2,Medium
2012,Japan,37.0366,139.4077,Hurricane/Typhoon,5.5,329,20563089.86,27.3,Low
2013,Japan,37.4171,137.8854,Flood,5.9,1238,33127184.27,39.3,Low
2014,Brazil,-13.9713,-51.4725,Drought,4.6,517,9442779.16,24.5,Low
2013,UK,55.2999,-3.9491,Hurricane/Typhoon,6.0,1556,116169511.65,51.2,Medium
2010,UK,54.9625,-4.8777,Tornado,4.5,127,5943052.97,19.9,Low
2019,Philippines,11.5172,120.6278,Hurricane/Typhoon,6.4,2555,196330088.77,70.8,High
2021,Philippines,11.0782,121.3264,Hurricane/Typhoon,8.2,895,61128607.05,47.9,Medium
2018,China,34.2126,103.2424,Earthquake,8.1,791,99760224.91,50.3,Medium
2010,Canada,56.5859,-106.256,Wildfire,7.7,229,21713869.77,35.3,Low
2021,India,19.3968,79.5875,Tornado,5.3,27,1810014.3,21.7,Low
2015,Germany,51.9538,10.9108,Wildfire,6.6,50,5914760.65,27.5,Low
2010,USA,36.1937,-96.1123,Wildfire,6.8,255,21991707.21,31.9,Low
2010,Philippines,11.1445,120.1307,Earthquake,8.9,646,78664343.64,49.9,Medium
2019,Canada,55.236,-105.9145,Flood,8.2,219,5858214.47,35.6,Low
2017,India,19.0159,77.2495,Earthquake,9.3,575,112012945.12,54.2,Medium
2018,Italy,43.1226,12.8596,Wildfire,9.3,545,56624248.4,48.3,Medium
2023,Philippines,14.715,121.6054,Hurricane/Typhoon,7.3,412,28394302.41,36.2,Low
2018,Japan,35.7307,139.4046,Flood,7.2,1493,50103838.94,48.7,Medium
2012,India,20.7326,79.7633,Earthquake,7.0,458,73666437.51,39.9,Low
2010,Mexico,21.9341,-100.8244,Hurricane/Typhoon,6.4,2649,148726904.87,67.0,Medium
2018,Canada,56.8624,-104.7003,Hurricane/Typhoon,5.8,1291,119242633.93,48.0,Medium
2011,Japan,35.0111,137.2488,Hurricane/Typhoon,5.6,736,34733834.24,33.2,Low
2023,USA,38.9131,-95.7393,Flood,7.9,373,19828857.85,37.3,Low
2012,India,19.8517,80.5525,Tornado,6.6,150,7417248.16,28.6,Low
2011,Canada,57.794,-107.2189,Flood,6.6,421,16275057.98,32.2,Low
2019,India,22.3486,77.0903,Earthquake,9.0,228,30748883.5,41.4,Medium
2011,USA,37.1628,-96.4474,Flood,7.0,1754,72168978.72,52.8,Medium
2020,Australia,-24.8189,132.8088,Hurricane/Typhoon,5.9,2230,217450888.12,67.6,Medium
2023,Australia,-26.5343,133.4658,Hurricane/Typhoon,8.0,1795,163810919.6,66.3,Medium
2013,Australia,-26.5504,132.2946,Hurricane/Typhoon,5.9,709,59023489.64,36.6,Low
2016,Mexico,23.8514,-101.1248,Flood,7.6,812,29462945.88,41.5,Medium
2011,USA,36.7761,-97.1721,Tornado,6.8,283,17895114.4,31.8,Low
2019,UK,54.5701,-3.1814,Hurricane/Typhoon,6.6,969,42250515.0,40.3,Medium
2013,Mexico,23.5362,-102.0306,Hurricane/Typhoon,6.3,1778,109557505.96,53.9,Medium
2019,Brazil,-12.9899,-52.5434,Hurricane/Typhoon,6.4,2780,144386212.85,67.8,Medium
2019,Brazil,-13.6335,-53.2218,Wildfire,6.6,572,48119249.52,36.9,Low
2010,Philippines,14.4285,121.2943,Earthquake,8.2,198,36469801.78,38.4,Low
2019,China,37.5743,103.8773,Hurricane/Typhoon,6.6,592,26490055.66,35.0,Low
2011,Australia,-26.0161,134.3821,Wildfire,7.7,454,31320264.66,38.5,Low
2016,India,22.0412,78.4127,Hurricane/Typhoon,8.9,1995,99827977.42,65.5,Medium
2020,Mexico,22.1302,-103.6115,Earthquake,8.6,131,13790183.85,37.1,Low
2019,India,18.9722,80.7072,Hurricane/Typhoon,5.2,1926,137591451.37,53.8,Medium
2019,Canada,54.5457,-105.8676,Flood,8.2,1796,51943336.22,56.0,Medium
2018,Japan,35.3367,138.7559,Flood,7.8,317,5256485.8,34.9,Low
2015,India,22.2511,80.417,Hurricane/Typhoon,8.5,1415,103171493.8,58.5,Medium
2014,USA,38.8839,-95.5528,Hurricane/Typhoon,6.8,2904,269019656.06,83.1,High
2013,India,21.1491,79.0951,Drought,4.9,565,14743197.76,26.7,Low
2020,India,20.0531,77.9992,Earthquake,6.0,189,22919309.92,28.2,Low
2021,India,18.6233,80.6484,Drought,4.9,118,2987451.32,21.1,Low
2015,UK,55.758,-2.2429,Hurricane/Typhoon,5.8,2596,171923687.63,66.4,Medium
2013,Japan,37.0598,138.834,Tornado,5.0,50,2266718.15,20.7,Low
2014,Japan,37.2582,139.8898,Tornado,7.1,155,9130650.48,30.9,Low
2016,Brazil,-15.1547,-53.168,Flood,4.6,652,28466432.1,27.8,Low
2012,China,34.9485,104.681,Flood,4.1,403,23630803.61,22.8,Low
2020,USA,38.9793,-96.5815,Flood,6.0,233,5936018.07,26.9,Low
2020,Japan,36.1743,137.6177,Earthquake,8.8,430,58326118.51,45.3,Medium
2014,UK,54.691,-2.0558,Drought,3.2,903,10319207.59,22.9,Low
2017,Germany,49.9288,11.8162,Tornado,7.7,72,5650265.53,32.1,Low
2015,Philippines,12.4092,123.6699,Flood,8.5,1015,36273621.97,47.8,Medium
2022,UK,55.4546,-1.5015,Hurricane/Typhoon,7.7,1578,151760859.55,61.8,Medium
2011,Japan,37.1129,139.2289,Hurricane/Typhoon,5.5,2271,177844736.84,62.5,Medium
2010,Japan,37.7501,139.7046,Flood,4.5,1978,58554945.53,43.6,Medium
2017,Japan,35.3044,136.7286,Wildfire,5.0,93,8432811.42,21.8,Low
2019,Philippines,13.6236,120.39,Wildfire,6.1,561,31639338.96,33.2,Low
2019,China,37.5834,106.1779,Hurricane/Typhoon,5.2,2940,144751212.01,64.7,Medium
2011,Brazil,-15.8004,-51.9686,Earthquake,8.0,710,121270628.98,51.2,Medium
2011,Mexico,23.3849,-103.7781,Wildfire,6.6,187,12631613.8,29.5,Low
2018,USA,37.9165,-95.4739,Hurricane/Typhoon,7.0,2621,134188919.39,67.6,Medium
2013,Australia,-24.3404,132.8713,Tornado,8.1,293,8678837.13,36.2,Low
2018,Brazil,-14.4325,-50.6423,Hurricane/Typhoon,6.8,2913,204951292.56,76.8,High
2014,Philippines,14.4017,122.2489,Earthquake,8.2,378,62944721.6,42.9,Medium
2012,China,36.0158,103.74,Hurricane/Typhoon,7.0,2558,125976104.76,66.2,Medium
2015,Australia,-25.6308,133.0581,Flood,7.0,379,19929222.72,33.8,Low
2011,USA,38.584,-96.9017,Hurricane/Typhoon,5.4,2638,207096454.03,68.7,Medium
2013,India,20.5496,79.4559,Hurricane/Typhoon,5.2,1204,91934089.81,42.0,Medium
2015,USA,38.8108,-96.875,Hurricane/Typhoon,8.6,627,42688384.98,44.9,Medium
2014,China,35.3037,105.1639,Tornado,7.7,372,8741256.55,35.4,Low
2012,China,35.9761,105.1272,Tornado,4.4,120,9316224.57,19.7,Low
2017,USA,37.9907,-95.5834,Flood,6.4,1218,49513216.54,42.7,Medium
2023,Canada,56.3637,-106.1074,Wildfire,8.4,416,40441223.46,41.8,Medium
2018,Philippines,12.5783,120.1864,Wildfire,7.5,566,41672259.93,39.8,Low
2021,Japan,38.1937,138.022,Earthquake,7.1,382,69288108.04,39.1,Low
2014,India,21.123,80.2646,Earthquake,6.8,608,64248196.81,39.7,Low
2019,UK,57.0746,-4.4136,Drought,4.8,913,9133572.16,29.2,Low
2022,USA,36.2279,-97.6448,Flood,8.0,226,6444396.39,34.9,Low
2020,Japan,37.6229,136.3368,Tornado,7.1,151,11347155.47,31.0,Low
2018,Germany,51.4427,10.7364,Flood,6.1,839,17810601.34,34.6,Low
2010,India,20.9186,77.892,Tornado,4.4,214,11586793.79,20.9,Low
2020,Japan,34.5088,137.5488,Hurricane/Typhoon,7.0,2660,237194636.27,78.3,High
2023,USA,37.659,-97.5605,Tornado,5.7,38,2861867.01,23.5,Low
2018,Australia,-23.7508,133.5072,Drought,3.5,564,14073815.25,21.0,Low
2014,Mexico,25.3446,-102.0145,Hurricane/Typhoon,5.2,2447,103926378.26,55.7,Medium
2020,Brazil,-15.6317,-51.9104,Flood,4.2,1809,106182531.12,45.5,Medium
2011,Philippines,13.171,120.1303,Hurricane/Typhoon,8.1,906,43425796.51,45.8,Medium
2012,USA,37.3758,-97.5128,Earthquake,6.3,563,74394219.47,38.3,Low
2014,Philippines,13.9181,121.6937,Flood,5.8,1003,40373300.07,37.3,Low
2011,Canada,56.227,-107.3707,Earthquake,7.5,751,143363323.85,51.8,Medium
2011,USA,37.777,-96.0158,Earthquake,7.1,658,104391162.37,45.4,Medium
2021,UK,54.047,-4.0311,Tornado,7.6,329,9458456.7,34.6,Low
2018,USA,38.3627,-96.9113,Earthquake,8.7,137,12807391.42,37.5,Low
2012,USA,38.8858,-94.0031,Tornado,7.7,17,690136.8,31.0,Low
2014,Mexico,22.8505,-102.6652,Earthquake,8.6,266,27785339.18,39.8,Low
2014,Brazil,-15.1954,-51.9879,Wildfire,5.6,68,5192647.75,23.6,Low
2019,Italy,41.9772,11.5818,Flood,4.9,1311,22796764.24,35.0,Low
2013,China,33.8933,103.7446,Earthquake,9.0,725,89339065.38,52.2,Medium
2021,USA,36.26,-94.1764,Earthquake,9.4,570,112400256.69,54.5,Medium
2015,USA,36.3518,-94.2429,Hurricane/Typhoon,5.7,2350,230317583.51,69.3,Medium
2013,Brazil,-13.3801,-53.761,Drought,4.2,1103,19708399.98,29.8,Low
2020,Japan,35.5871,137.6577,Hurricane/Typhoon,5.9,2353,133068495.43,60.4,Medium
2020,USA,36.1207,-96.1613,Drought,7.0,1236,35822157.86,43.9,Medium
2023,Japan,35.5671,137.8214,Flood,7.3,2332,135785961.47,66.1,Medium
2014,China,36.3621,103.0997,Flood,4.7,1479,82732439.12,41.9,Medium
2018,Australia,-25.1011,132.597,Flood,6.4,1028,55323305.22,41.4,Medium
2017,Australia,-24.4495,133.8652,Flood,8.5,794,35357160.54,45.5,Medium
2014,Brazil,-15.5978,-53.6487,Hurricane/Typhoon,7.9,1054,62244871.54,48.4,Medium
2023,Italy,42.7783,13.6217,Tornado,5.9,220,8404194.99,26.6,Low
2010,Philippines,14.1568,122.3174,Wildfire,5.7,242,13908708.07,26.6,Low
2011,Japan,37.2498,138.6979,Earthquake,8.0,286,43347098.97,39.2,Low
2020,Japan,34.3043,136.5679,Wildfire,5.6,530,52915909.65,33.0,Low
2016,India,21.9985,78.9258,Flood,4.9,332,11084322.05,24.0,Low
2023,Canada,57.8317,-104.5392,Flood,7.0,1030,50572944.93,43.4,Medium
2014,USA,38.7984,-93.7675,Tornado,6.2,176,12673143.0,27.8,Low
2010,Italy,41.5802,13.6649,Hurricane/Typhoon,8.3,1581,100629136.23,59.1,Medium
2010,Canada,56.4177,-106.1954,Hurricane/Typhoon,7.8,457,32556198.08,39.0,Low
2015,India,21.898,77.1297,Drought,5.1,910,27005717.72,32.2,Low
2022,USA,36.6396,-94.6494,Drought,3.8,1000,17960797.83,27.0,Low
2012,Australia,-23.9595,133.6154,Hurricane/Typhoon,7.5,523,42570723.84,39.5,Low
2020,Italy,41.7243,13.1444,Flood,6.3,936,46840155.7,39.2,Low
2014,Canada,56.9145,-107.7988,Hurricane/Typhoon,6.8,1032,69371911.16,44.5,Medium
2012,Italy,43.4532,14.0902,Flood,5.5,871,41221697.14,34.8,Low
2021,USA,35.5467,-95.9124,Earthquake,7.8,443,74080613.11,43.0,Medium
2017,Canada,56.5783,-107.7004,Hurricane/Typhoon,5.2,999,94640431.56,40.3,Medium
2018,Brazil,-13.5919,-53.3196,Tornado,4.8,374,8631407.4,23.8,Low
2021,Australia,-24.3494,135.6139,Earthquake,6.6,184,35926380.06,31.8,Low
2016,USA,38.1516,-97.6612,Hurricane/Typhoon,7.0,323,24702728.58,33.7,Low
2018,Germany,50.0275,11.0879,Hurricane/Typhoon,6.8,2762,209928920.72,75.8,High
2010,Japan,36.3894,138.7291,Hurricane/Typhoon,8.3,500,25545199.62,40.8,Medium
2011,USA,36.4861,-97.1285,Flood,6.6,1422,42517798.51,44.9,Medium
2011,USA,35.5256,-93.7351,Flood,5.3,926,54155440.3,35.9,Low
2021,Philippines,12.3108,119.9134,Wildfire,6.5,438,47049317.0,35.1,Low
2012,Philippines,14.2432,120.0297,Hurricane/Typhoon,5.5,1424,85087576.54,44.7,Medium
2018,India,19.4294,77.7962,Flood,6.6,2366,140596040.91,64.1,Medium
2010,Germany,51.9146,12.1856,Drought,4.1,1346,36282721.35,33.5,Low
2023,Japan,36.5006,138.743,Drought,5.5,1116,22759833.46,35.4,Low
2015,China,35.83,102.9096,Hurricane/Typhoon,7.8,1092,43783581.7,46.5,Medium
2019,USA,37.5918,-97.2383,Tornado,7.6,222,9955027.98,33.6,Low
2018,Australia,-25.0283,134.32,Flood,4.9,1353,35785210.84,36.7,Low
2012,USA,36.2911,-95.51,Wildfire,5.5,391,28893066.59,28.8,Low
2016,Philippines,13.334,119.8865,Flood,5.5,1584,89500101.67,46.8,Medium
2012,Germany,51.058,8.5922,Flood,4.7,2086,115027515.14,51.2,Medium
2010,Brazil,-14.8896,-50.784,Hurricane/Typhoon,8.0,2434,141076160.76,70.4,High
2014,Philippines,12.132,121.9135,Flood,7.1,1648,29630359.14,47.8,Medium
2015,USA,38.453,-96.3534,Earthquake,7.9,219,32525397.53,37.0,Low
2022,India,20.9708,80.4184,Wildfire,8.2,372,37084233.99,40.2,Medium
2023,Australia,-26.9228,135.2782,Earthquake,8.9,359,38031306.0,43.0,Medium
2010,Australia,-26.8211,134.9098,Wildfire,9.1,504,43051492.76,45.7,Medium
2015,UK,56.9898,-4.8137,Earthquake,7.7,586,68704424.41,43.5,Medium
2013,Australia,-24.1921,132.163,Drought,5.1,371,5232488.36,24.6,Low
2020,USA,36.6404,-94.2508,Flood,5.4,380,17448594.86,27.1,Low
2013,China,34.2083,104.0575,Flood,6.3,1479,23681173.78,42.4,Medium
2020,Philippines,13.4254,120.6094,Flood,5.3,2380,69880942.56,52.0,Medium
2011,India,19.0606,77.5573,Earthquake,6.1,687,101095547.95,41.4,Medium
2015,USA,37.2601,-95.5125,Earthquake,9.3,340,50622584.06,45.7,Medium
2022,Japan,35.4455,139.819,Hurricane/Typhoon,5.2,418,28526048.32,27.8,Low
2018,China,34.2837,102.4052,Hurricane/Typhoon,5.7,2741,256219233.62,75.8,High
2023,China,36.6205,103.9733,Earthquake,7.2,252,41718056.23,35.5,Low
2016,China,35.9939,106.0847,Wildfire,7.1,184,10396760.33,31.3,Low
2019,Mexico,24.4244,-104.1609,Earthquake,8.3,526,71780855.62,45.6,Medium
2021,Canada,54.7049,-104.7572,Earthquake,7.3,237,38857039.82,35.5,Low
2012,China,37.0151,105.7196,Hurricane/Typhoon,5.1,2246,105052659.84,53.4,Medium
2013,Germany,52.5431,9.579,Earthquake,8.0,570,52640563.19,43.0,Medium
2023,Mexico,24.817,-103.2465,Hurricane/Typhoon,8.2,2482,167928375.07,74.4,High
2012,China,34.8143,103.1648,Flood,6.2,470,14256104.45,30.9,Low
2022,Mexico,23.9939,-101.4127,Hurricane/Typhoon,8.1,2530,206569413.2,78.4,High
2022,Japan,36.8784,139.2075,Wildfire,8.8,167,15272387.05,38.4,Low
2012,India,20.8104,80.2481,Flood,8.3,485,20332006.64,40.1,Medium
2016,Philippines,13.2556,123.0495,Earthquake,8.3,112,10176763.58,35.3,Low
2010,Mexico,25.179,-100.937,Hurricane/Typhoon,5.0,900,71687595.26,36.2,Low
2012,India,19.756,79.4223,Hurricane/Typhoon,5.8,1596,92542655.61,48.4,Medium
2021,UK,56.0882,-1.756,Drought,5.9,805,23993657.03,34.0,Low
2015,China,36.306,104.2317,Tornado,7.8,41,1728288.32,31.8,Low
2022,Brazil,-16.0175,-51.1066,Tornado,5.6,154,11078879.84,25.0,Low
2016,Japan,37.0089,137.8271,Earthquake,7.3,440,58178034.56,39.4,Low
2022,Japan,34.8936,136.8063,Hurricane/Typhoon,8.4,1775,160456026.14,67.4,Medium
2020,Japan,38.1898,138.9303,Flood,4.3,264,5670671.13,20.4,Low
2023,Italy,42.5017,14.4599,Flood,4.6,1903,102204181.78,47.7,Medium
2021,Italy,42.6516,14.2812,Hurricane/Typhoon,6.8,2037,148951554.71,62.5,Medium
2022,India,20.0112,77.7032,Hurricane/Typhoon,7.3,1269,104981578.12,52.4,Medium
2013,Japan,37.9063,138.5554,Flood,4.2,2179,101802257.71,48.8,Medium
2014,USA,37.0161,-94.948,Flood,7.3,1344,48279349.08,47.5,Medium
2012,USA,38.6497,-97.3562,Hurricane/Typhoon,8.0,619,50166509.07,43.2,Medium
2022,Brazil,-13.9115,-51.4678,Drought,5.1,122,2364039.9,21.9,Low
2021,Germany,51.0369,11.3853,Hurricane/Typhoon,8.8,1506,86372874.93,58.9,Medium
2011,USA,38.7815,-94.7123,Wildfire,7.5,112,10533712.42,32.2,Low
2016,Brazil,-13.9386,-51.2947,Earthquake,8.6,77,8810176.65,36.1,Low
2023,USA,37.1124,-94.3042,Earthquake,6.5,337,38089780.12,33.2,Low
2010,Japan,37.1657,138.6653,Drought,6.0,1449,27434008.8,41.2,Medium
2023,Mexico,22.675,-101.7469,Hurricane/Typhoon,8.2,435,26348332.68,39.8,Low
2017,USA,35.6703,-93.9742,Flood,6.2,1891,93919447.02,53.1,Medium
2013,Japan,35.9607,138.8003,Flood,7.3,1613,28138237.22,48.1,Medium
2013,Japan,37.4781,136.4601,Hurricane/Typhoon,6.9,2250,190730323.63,69.2,Medium
2023,Philippines,13.0001,121.2892,Wildfire,7.1,198,17251927.96,32.1,Low
2017,India,19.7452,80.1492,Earthquake,7.1,592,95871533.13,43.9,Medium
2015,USA,38.7608,-95.1603,Drought,4.7,1435,38984807.82,37.0,Low
2014,Australia,-26.2016,132.1631,Wildfire,6.8,297,30116376.75,33.2,Low
2023,China,34.6397,103.5396,Wildfire,5.8,60,5825767.81,24.4,Low
2022,Mexico,21.6778,-104.1592,Flood,6.0,1098,52304634.91,40.2,Medium
2023,Japan,34.3362,138.7276,Flood,6.7,1088,62855939.44,44.0,Medium
2013,China,36.6923,102.6699,Tornado,4.6,346,22777687.23,24.1,Low
2013,China,37.0728,102.9291,Flood,4.8,1406,50634279.37,38.3,Low
2010,Canada,56.6851,-104.6492,Earthquake,7.5,733,126358689.59,50.0,Medium
2020,Australia,-26.6221,132.066,Wildfire,6.7,390,46689668.88,35.4,Low
2013,Japan,37.4512,136.9617,Flood,8.4,1021,43355320.1,48.1,Medium
2016,Japan,36.1682,136.8255,Wildfire,6.0,158,17993458.0,27.4,Low
2015,Philippines,11.2831,120.0617,Hurricane/Typhoon,6.0,2126,87433637.01,54.0,Medium
2014,Germany,51.7715,8.4535,Flood,5.8,820,38132036.86,35.2,Low
2023,Italy,42.1686,12.6215,Drought,5.0,993,17951707.25,31.7,Low
2011,Philippines,14.1191,120.0504,Flood,5.7,2174,44467353.11,49.0,Medium
2022,Brazil,-12.2636,-52.5862,Earthquake,6.2,712,64706586.33,38.4,Low
2014,Brazil,-12.3863,-53.5982,Hurricane/Typhoon,8.1,2953,154108885.12,77.3,High
2015,Brazil,-12.3599,-51.2771,Earthquake,7.4,159,24752173.46,33.7,Low
2020,India,18.9294,79.4912,Wildfire,5.6,247,12788554.03,26.1,Low
2018,Canada,55.0839,-106.7849,Wildfire,7.9,561,49017825.64,42.1,Medium
2016,Mexico,23.4272,-100.5667,Flood,4.3,375,12467945.07,22.2,Low
2020,Japan,36.8154,138.3425,Drought,6.5,1198,15548928.96,39.5,Low
2023,Brazil,-12.5307,-53.7725,Flood,6.9,2130,118903095.47,60.8,Medium
2018,China,34.8307,104.7851,Flood,6.8,1458,75718700.42,49.4,Medium
2015,USA,37.5349,-94.3686,Flood,7.7,667,24926762.05,40.0,Medium
2010,UK,54.2523,-2.2122,Hurricane/Typhoon,8.2,1946,115697671.71,63.8,Medium
2011,Canada,56.4339,-107.7907,Tornado,7.6,33,1834308.8,30.9,Low
2014,Australia,-26.787,132.3349,Hurricane/Typhoon,7.8,2566,128044343.27,69.7,Medium
2012,Japan,36.5279,136.7835,Wildfire,7.8,435,45429796.87,40.1,Medium
2019,USA,37.0379,-97.6846,Flood,4.4,1362,45940261.23,35.8,Low
2014,Mexico,24.7203,-101.7806,Flood,6.9,2342,82599672.22,59.3,Medium
2010,Japan,34.8982,139.0167,Hurricane/Typhoon,7.9,2806,272232182.07,86.9,High
2011,China,36.9903,103.5814,Flood,5.1,681,40449465.02,31.3,Low
2019,Canada,56.6057,-104.8891,Drought,5.0,1050,26676956.95,33.2,Low
2016,China,34.9657,102.9649,Wildfire,8.1,535,45381930.68,42.3,Medium
2015,Japan,37.8907,136.4661,Earthquake,6.7,307,36875414.14,33.6,Low
2021,Mexico,24.6636,-104.3767,Wildfire,9.2,230,14044534.33,40.5,Medium
2022,USA,37.1496,-97.4266,Flood,6.0,1535,51972002.89,44.5,Medium
2015,Philippines,14.4635,120.6903,Flood,5.0,1171,56440623.8,37.4,Low
2016,Mexico,23.1321,-103.6673,Hurricane/Typhoon,6.9,2085,101532153.12,58.6,Medium
2019,Canada,55.95,-106.7907,Flood,7.2,1668,98245225.2,55.3,Medium
2018,Japan,34.7088,139.0188,Flood,4.6,2106,75049524.72,47.0,Medium
2011,Japan,35.5743,139.7956,Hurricane/Typhoon,8.2,2913,283043417.65,90.2,High
2016,Italy,42.1825,12.771,Flood,5.9,2337,86503127.06,55.6,Medium
2019,Canada,56.4963,-104.992,Earthquake,8.6,302,33141411.53,40.7,Medium
2013,India,19.4796,80.6699,Drought,6.7,110,2019098.08,28.1,Low
2014,USA,39.0551,-94.7761,Hurricane/Typhoon,6.7,1915,131668047.08,59.1,Medium
2010,UK,56.6552,-3.6202,Flood,6.5,250,11548048.19,29.7,Low
2021,India,19.462,78.3936,Flood,8.5,265,9696411.7,37.6,Low
2016,Australia,-24.4568,135.2017,Wildfire,5.1,515,42468571.16,29.8,Low
2010,USA,37.9025,-96.9702,Tornado,6.8,370,21461531.12,33.0,Low
2018,Mexico,21.9128,-100.9763,Earthquake,6.1,486,82788428.8,37.5,Low
2022,Philippines,13.32,122.0709,Flood,7.1,1575,75772045.65,51.7,Medium
2018,USA,38.8713,-95.0114,Tornado,4.5,197,9440470.98,20.9,Low
2020,USA,36.5557,-95.1173,Wildfire,7.5,259,15459297.28,34.1,Low
2021,Australia,-25.1115,134.3662,Wildfire,8.4,264,27118646.25,39.0,Low
2021,UK,54.6519,-1.8383,Hurricane/Typhoon,6.7,523,22908524.87,34.3,Low
2021,Australia,-25.3251,133.8767,Flood,7.2,2382,132142173.95,65.8,Medium
2020,India,20.0626,79.6532,Wildfire,9.4,117,7392615.84,39.5,Low
2013,Italy,40.2192,12.1227,Flood,8.3,515,10259532.03,39.4,Low
2015,Australia,-24.4817,133.7553,Tornado,6.3,331,7070628.73,29.2,Low
2016,India,21.3196,80.6869,Hurricane/Typhoon,6.7,2940,121389477.45,68.3,Medium
2011,Japan,34.2881,139.458,Tornado,6.3,181,8090972.18,27.8,Low
2020,Australia,-24.6858,133.0752,Hurricane/Typhoon,7.8,2546,169857352.95,73.6,High
2015,Australia,-26.7422,134.9274,Flood,5.2,2183,69278824.07,49.6,Medium
2019,Australia,-23.8879,132.3634,Earthquake,9.3,683,130381829.26,57.1,Medium
2015,Philippines,12.011,123.6628,Tornado,7.1,351,23751270.32,34.3,Low
2020,Japan,34.6677,140.2251,Hurricane/Typhoon,6.8,1814,92640608.1,54.6,Medium
2023,Brazil,-16.0912,-52.6522,Earthquake,7.3,602,118627640.64,47.1,Medium
2011,Brazil,-15.744,-53.8203,Drought,6.1,1038,29641362.37,37.7,Low
2021,Japan,38.0806,138.4346,Hurricane/Typhoon,7.6,1510,103336307.04,55.8,Medium
2014,Australia,-23.494,135.6928,Hurricane/Typhoon,5.6,2615,218908520.26,70.4,High
2018,Canada,55.4847,-107.8907,Hurricane/Typhoon,5.2,2556,120164118.36,58.4,Medium
2014,USA,37.5601,-96.8285,Earthquake,7.1,672,105475452.32,45.7,Medium
2020,China,34.7486,105.9327,Earthquake,6.1,601,109342434.16,41.3,Medium
2016,China,37.6905,106.0934,Earthquake,7.7,667,101790428.86,47.6,Medium
2015,Canada,57.7638,-106.8957,Flood,7.8,1714,55490866.25,53.9,Medium
2016,USA,36.4697,-96.4777,Hurricane/Typhoon,7.2,1183,98983031.28,50.5,Medium
2021,India,22.5604,80.1747,Earthquake,8.8,484,81037408.34,48.1,Medium
2014,India,21.932,79.3517,Flood,5.4,2351,139646403.96,59.1,Medium
2018,USA,38.9304,-94.6855,Flood,5.8,1319,44388479.3,40.8,Medium
2012,Brazil,-13.389,-50.899,Flood,4.8,1763,49409560.32,41.8,Medium
2013,Germany,52.4512,9.658,Hurricane/Typhoon,7.0,2198,117529726.82,61.7,Medium
2016,UK,53.9861,-4.2293,Hurricane/Typhoon,7.5,808,64016852.89,44.5,Medium
2020,Italy,41.5386,12.5275,Wildfire,6.1,172,17807209.0,27.9,Low
2016,Germany,53.0425,10.8456,Earthquake,7.7,496,91363949.05,44.9,Medium
2020,China,35.7642,104.967,Flood,6.3,271,14373190.43,29.3,Low
2021,Japan,34.434,137.5287,Tornado,4.6,93,2155116.87,19.5,Low
2012,India,21.135,80.7806,Flood,5.3,514,19595731.98,28.3,Low
2019,UK,54.103,-5.052,Wildfire,7.4,373,40238322.33,37.4,Low
2019,Philippines,12.0743,122.5118,Wildfire,5.4,410,44129135.24,30.1,Low
2014,USA,37.1627,-96.2179,Hurricane/Typhoon,6.4,967,44622284.13,39.7,Low
2016,Japan,35.0845,137.0037,Tornado,6.8,279,19743207.61,32.0,Low
2018,Philippines,13.6791,122.9803,Hurricane/Typhoon,8.7,777,69254541.97,49.5,Medium
2023,Canada,56.0481,-107.0937,Earthquake,8.9,661,94373966.39,51.6,Medium
2010,Canada,54.8188,-107.1213,Wildfire,5.5,181,19905848.7,25.8,Low
2014,USA,35.9963,-97.2086,Flood,4.4,657,12153244.07,25.4,Low
2014,UK,56.3993,-5.2599,Flood,7.6,2303,96018812.55,63.0,Medium
2013,India,22.2241,77.1331,Earthquake,6.0,148,25734905.66,28.1,Low
2016,Canada,54.9516,-104.7353,Flood,5.6,571,12305086.54,29.3,Low
2022,Philippines,11.9795,122.089,Earthquake,9.0,796,122229598.08,56.2,Medium
2019,Germany,49.4333,11.7283,Wildfire,7.4,246,28904622.62,35.0,Low
2019,Japan,37.2161,136.2673,Wildfire,9.2,566,62028379.62,48.7,Medium
2020,Germany,51.9525,9.1905,Wildfire,5.5,413,49019415.5,31.0,Low
2015,India,20.647,78.5903,Wildfire,6.4,527,30419563.19,33.9,Low
2017,USA,38.1391,-94.8911,Hurricane/Typhoon,5.2,1643,114390207.69,48.7,Medium
2017,India,20.4178,79.9047,Wildfire,8.8,281,24945525.58,40.5,Medium
2017,Australia,-23.8485,132.5251,Flood,7.8,2148,122991666.29,65.0,Medium
2020,India,18.6411,79.6566,Wildfire,6.8,585,56217551.38,38.7,Low
2013,USA,35.6635,-96.1075,Hurricane/Typhoon,5.4,991,43487681.05,35.9,Low
2018,Canada,55.4845,-105.9602,Drought,3.5,969,23744385.7,26.1,Low
2017,Australia,-24.416,134.0977,Earthquake,8.8,709,136969588.01,56.0,Medium
2022,India,21.2567,80.7606,Drought,5.0,401,10169356.44,25.0,Low
2022,USA,36.0928,-95.7209,Hurricane/Typhoon,5.5,707,59577406.26,35.0,Low
2021,Mexico,23.6225,-104.443,Flood,6.7,1539,33662776.78,45.6,Medium
2012,China,34.2453,102.4961,Wildfire,8.5,527,33799262.42,42.6,Medium
2020,China,35.821,103.2367,Earthquake,9.0,609,50011352.29,47.1,Medium
2011,UK,57.3328,-1.9095,Flood,6.0,1741,60787061.28,47.5,Medium
2014,USA,35.7975,-95.0724,Wildfire,9.0,218,18399978.83,40.0,Medium
2018,USA,37.9529,-95.7602,Flood,7.0,2468,113137655.0,64.0,Medium
2020,Brazil,-14.3264,-50.5026,Hurricane/Typhoon,6.6,2326,175526256.76,67.2,Medium
2020,India,21.296,80.0259,Earthquake,6.2,654,55860896.12,36.9,Low
2019,Mexico,23.0255,-101.5818,Flood,8.0,1597,51304905.79,53.1,Medium
2015,India,22.5578,78.6077,Flood,5.1,1161,51274087.19,37.1,Low
2011,China,37.5016,102.452,Earthquake,7.2,70,10122701.23,30.5,Low
2023,USA,37.7211,-96.0201,Hurricane/Typhoon,6.7,383,31313125.79,33.8,Low
2022,China,37.8031,103.701,Earthquake,8.0,550,50603741.09,42.6,Medium
2013,China,35.2039,104.2011,Wildfire,6.5,356,26854290.89,32.2,Low
2020,India,20.5778,80.3493,Wildfire,8.8,598,38861393.19,45.1,Medium
2014,Japan,35.3893,138.5441,Tornado,6.8,57,3594557.4,28.1,Low
2013,Brazil,-13.8625,-52.8265,Hurricane/Typhoon,7.1,2049,107745332.17,59.7,Medium
2022,UK,55.9761,-4.2226,Tornado,5.9,286,11097136.9,27.6,Low
2013,India,19.5951,79.0215,Wildfire,7.5,69,6482486.21,31.3,Low
2012,Germany,49.9062,10.4468,Wildfire,8.7,528,36302912.84,43.7,Medium
2010,China,37.0957,105.6011,Drought,6.7,1383,15486326.75,42.2,Medium
2010,Japan,36.0499,137.2115,Wildfire,8.4,495,38965518.09,42.4,Medium
2013,Mexico,25.2746,-102.0143,Tornado,5.2,156,9166959.24,23.3,Low
2017,Japan,36.6049,137.8735,Flood,4.9,1205,61294752.12,37.8,Low
2019,Australia,-25.3285,135.7352,Hurricane/Typhoon,8.6,1127,55855821.0,51.3,Medium
2023,USA,36.1236,-94.4958,Wildfire,5.8,93,10924252.66,25.2,Low
2022,Germany,49.2396,11.8883,Flood,6.7,460,25541900.12,34.0,Low
2011,India,20.0437,79.5897,Flood,8.2,775,19856935.17,42.5,Medium
2017,Brazil,-14.229,-53.4374,Wildfire,7.6,587,39696793.12,40.2,Medium
2016,Italy,40.8223,11.0491,Tornado,5.5,309,19848362.0,27.1,Low
2020,Mexico,24.6058,-100.808,Flood,4.5,1076,63103694.71,35.1,Low
2019,India,19.6072,79.3179,Hurricane/Typhoon,6.5,762,44949920.35,38.1,Low
2013,India,21.321,80.8133,Tornado,8.2,195,9460094.84,35.7,Low
2021,India,19.8227,79.5416,Drought,3.1,1456,37825171.27,30.7,Low
2021,USA,38.7598,-95.0236,Earthquake,7.3,704,137292695.52,50.0,Medium
2016,India,21.839,77.4482,Tornado,7.9,208,4258169.01,34.1,Low
2017,Canada,57.84,-104.6683,Earthquake,9.3,291,33666007.75,43.5,Medium
2016,Mexico,22.2709,-102.7946,Earthquake,8.8,709,91287052.46,51.4,Medium
2013,USA,38.5558,-94.4172,Drought,4.9,945,26960797.45,31.7,Low
2012,Australia,-25.5805,135.4442,Flood,4.7,1268,47911447.36,36.3,Low
2020,India,20.9985,80.2137,Wildfire,7.0,78,8060385.93,29.6,Low
2021,China,34.595,103.9636,Hurricane/Typhoon,5.0,1119,86943811.79,39.9,Low
2010,Australia,-26.9411,132.4013,Hurricane/Typhoon,8.9,2959,253851906.34,90.6,High
2022,Mexico,24.373,-101.3794,Earthquake,7.7,186,20698374.91,34.7,Low
2023,Philippines,14.1771,122.9681,Flood,5.9,945,30908340.02,36.1,Low
2022,India,21.9287,79.2416,Flood,4.1,2487,109725945.13,52.2,Medium
2011,China,37.4874,106.0865,Flood,7.2,891,15361047.97,39.2,Low
2022,China,36.2616,102.787,Drought,3.7,1261,15569580.08,29.0,Low
2016,Philippines,12.6106,123.45,Hurricane/Typhoon,7.7,785,41973194.04,42.8,Medium
2013,Japan,37.9842,139.5036,Earthquake,8.6,441,42170148.61,43.0,Medium
2012,Mexico,24.0303,-100.5692,Earthquake,8.4,478,48586015.85,43.2,Medium
2022,UK,53.4851,-1.5255,Flood,6.0,1217,38498210.81,40.0,Medium
2021,Philippines,12.7027,119.8113,Flood,5.5,1828,83920482.48,48.7,Medium
2018,Philippines,13.7038,122.7144,Earthquake,6.3,110,9487886.47,27.2,Low
2017,Canada,56.0137,-106.9228,Hurricane/Typhoon,7.7,2750,227078384.3,81.0,High
2010,Mexico,21.6514,-102.5318,Earthquake,9.4,737,91762503.28,54.1,Medium
2018,Canada,56.3682,-106.0181,Earthquake,7.8,397,73583001.26,42.5,Medium
2013,USA,36.3593,-95.5883,Flood,4.5,380,22432633.89,24.0,Low
2023,Germany,53.0535,9.574,Earthquake,7.5,319,48983020.52,38.1,Low
2011,UK,54.425,-4.178,Tornado,5.4,261,17179156.98,25.9,Low
2017,Japan,37.6121,138.8797,Wildfire,5.2,202,10871579.75,23.9,Low
2012,Japan,36.081,136.9042,Hurricane/Typhoon,5.5,2327,98775338.35,55.1,Medium
2022,India,21.4261,78.9008,Hurricane/Typhoon,8.4,906,42961844.16,47.0,Medium
2017,USA,38.5627,-96.9874,Flood,6.3,1317,53135856.53,43.7,Medium
2020,China,34.7096,106.182,Flood,7.5,939,31680784.48,42.6,Medium
2018,USA,38.163,-95.0024,Tornado,4.1,358,28239064.53,22.8,Low
2018,USA,36.5842,-93.9934,Flood,5.5,318,5930014.92,25.8,Low
2019,Mexico,24.2682,-102.7338,Drought,5.4,111,1841327.77,22.9,Low
2015,USA,37.5795,-95.8976,Drought,7.0,1265,15921801.02,42.2,Medium
2022,Mexico,24.8362,-103.4182,Wildfire,8.3,440,24850571.13,40.1,Medium
2017,Japan,35.1603,139.3335,Earthquake,6.1,263,26182407.98,29.6,Low
2019,UK,54.5097,-2.4198,Wildfire,5.5,552,58554520.27,33.4,Low
2023,Philippines,14.5568,123.3849,Hurricane/Typhoon,6.4,693,62316758.51,38.8,Low
2021,Germany,51.1185,11.9917,Hurricane/Typhoon,7.3,2032,92279908.84,58.7,Medium
2018,India,20.0629,77.7054,Hurricane/Typhoon,5.4,2402,145332267.41,60.2,Medium
2016,India,19.4869,79.7049,Flood,6.2,2349,44111059.62,52.7,Medium
2023,India,18.9067,80.1662,Earthquake,9.4,750,141261325.68,59.2,Medium
2018,Mexico,23.7224,-103.3681,Flood,4.3,384,14631802.87,22.5,Low
2017,Germany,50.8121,10.3086,Wildfire,8.7,413,28018008.51,41.7,Medium
2012,USA,37.1038,-97.2543,Wildfire,5.8,236,25724870.28,28.1,Low
2021,USA,36.755,-94.8925,Earthquake,8.5,736,98619399.03,51.2,Medium
2023,Mexico,22.9953,-100.8776,Tornado,4.9,50,3241087.96,20.4,Low
2017,China,37.3465,102.6153,Hurricane/Typhoon,5.0,777,31700260.45,30.9,Low
2017,China,35.7007,103.8104,Wildfire,8.3,548,39015407.31,42.6,Medium
2014,Mexico,24.097,-101.7874,Drought,5.7,719,8450193.18,30.8,Low
2022,USA,35.8532,-94.4461,Wildfire,5.8,77,4977746.9,24.5,Low
2013,China,36.459,103.9332,Hurricane/Typhoon,8.2,1081,48824027.47,48.5,Medium
2023,UK,53.9627,-3.7425,Flood,8.1,2023,118090620.58,64.4,Medium
2020,Germany,52.5992,10.7909,Flood,6.6,1804,31193862.59,47.6,Medium
2014,USA,37.6116,-94.8576,Drought,6.4,1285,28163076.45,41.3,Medium
2022,Brazil,-15.0669,-51.97,Hurricane/Typhoon,7.4,2804,269511667.69,84.6,High
2022,Italy,43.3405,11.4876,Flood,4.1,1493,59565483.21,37.3,Low
2018,Japan,36.7932,139.8066,Flood,6.8,1620,56982921.17,49.1,Medium
2017,India,19.2353,79.8648,Hurricane/Typhoon,6.8,2379,126520312.73,63.6,Medium
2020,Italy,41.2266,12.9684,Tornado,7.0,77,5620261.08,29.3,Low
2013,Philippines,12.4315,121.4374,Drought,5.6,837,21694582.39,32.9,Low
2014,UK,56.7481,-2.9426,Earthquake,8.6,733,101114983.73,51.8,Medium
2017,Japan,34.8253,138.2187,Wildfire,9.2,555,39546876.06,46.3,Medium
2011,Japan,34.3882,136.3225,Tornado,5.6,91,2773942.78,23.6,Low
2021,Mexico,23.6439,-101.3227,Earthquake,6.4,282,26644083.03,31.1,Low
2014,Japan,35.2313,137.6113,Earthquake,6.2,620,69501347.93,38.0,Low
2013,Japan,36.9605,138.3115,Wildfire,8.2,498,52752682.82,43.1,Medium
2014,Canada,57.1531,-104.4414,Wildfire,7.7,154,16578518.26,34.0,Low
2015,USA,35.5116,-95.1903,Tornado,8.1,90,5733086.1,33.9,Low
2015,Philippines,13.9179,121.7636,Tornado,4.7,196,7854984.5,21.5,Low
2018,USA,38.4844,-95.9536,Hurricane/Typhoon,8.1,1304,117475798.06,57.2,Medium
2011,Germany,50.307,9.135,Earthquake,8.5,474,58433396.96,44.6,Medium
2012,China,34.4664,105.204,Hurricane/Typhoon,5.9,2056,133238185.9,57.5,Medium
2012,India,20.425,80.3696,Wildfire,6.6,80,6478440.66,27.8,Low
2013,UK,56.2405,-3.3606,Flood,5.5,1845,109200977.35,51.4,Medium
2016,Japan,34.4459,139.2868,Wildfire,7.9,109,12910102.61,34.0,Low
2021,Canada,57.3263,-104.8367,Drought,4.7,1494,35879616.99,37.3,Low
2012,Italy,42.7562,11.8148,Earthquake,8.9,590,90416395.3,50.5,Medium
2021,USA,36.7058,-95.1345,Tornado,6.8,326,19273845.43,32.4,Low
2013,Philippines,14.4207,122.8963,Hurricane/Typhoon,5.8,1535,69162273.03,45.5,Medium
2011,Brazil,-14.67,-51.0445,Tornado,6.3,286,10592202.07,29.1,Low
2016,USA,37.2971,-95.6247,Wildfire,5.7,78,8761143.59,24.5,Low
2016,Brazil,-15.1952,-50.5911,Earthquake,7.5,567,52874467.3,41.0,Medium
2015,USA,36.5819,-95.202,Earthquake,6.2,716,138160193.37,45.8,Medium
2018,India,20.8797,76.9809,Earthquake,6.8,645,95377225.34,43.2,Medium
2017,Italy,42.381,12.6932,Hurricane/Typhoon,6.4,1465,117222476.67,52.0,Medium
2016,Mexico,23.9211,-103.9901,Earthquake,8.6,157,18736636.78,37.8,Low
2010,China,37.1514,103.6351,Flood,7.2,1887,35263543.38,51.2,Medium
2013,USA,38.644,-95.805,Hurricane/Typhoon,6.5,2455,157525621.14,66.3,Medium
2023,Brazil,-13.1147,-50.4319,Hurricane/Typhoon,7.5,2102,170978932.7,68.1,Medium
2016,Canada,57.0569,-106.6723,Flood,6.3,2185,102698879.57,57.3,Medium
2016,USA,37.9081,-94.2569,Flood,5.0,2138,35207156.95,44.9,Medium
2022,Japan,36.4361,139.9368,Flood,7.8,651,13305782.01,39.0,Low
2019,Brazil,-16.0689,-53.3068,Earthquake,9.5,360,41499991.94,45.7,Medium
2021,USA,35.6615,-94.5748,Hurricane/Typhoon,8.7,1549,144588976.75,64.7,Medium
2010,Japan,37.4765,138.2052,Flood,5.6,383,12941907.78,27.5,Low
2023,Brazil,-13.9669,-50.3189,Wildfire,7.1,185,19117268.45,32.2,Low
2022,Germany,51.0037,10.2497,Hurricane/Typhoon,8.5,1632,74025722.92,57.7,Medium
2019,China,36.3544,103.7389,Drought,4.4,193,5628186.84,20.1,Low
2016,Italy,42.8137,13.1437,Tornado,7.2,302,17457578.92,33.6,Low
2017,UK,54.6054,-2.8494,Hurricane/Typhoon,5.3,2834,205493509.29,70.1,High
2010,Philippines,14.6992,121.857,Wildfire,7.3,69,4030967.74,30.3,Low
2015,Canada,54.849,-108.2641,Wildfire,6.1,504,28186379.49,32.3,Low
2014,Brazil,-14.9483,-51.5644,Hurricane/Typhoon,8.7,1692,112046008.46,62.9,Medium
2022,India,22.0286,78.2295,Earthquake,6.4,151,21897040.44,29.3,Low
2016,Australia,-26.5393,134.8432,Flood,8.3,893,15762448.43,43.7,Medium
2023,Canada,54.8558,-105.4868,Earthquake,6.3,195,25260053.8,29.7,Low
2023,Australia,-25.7679,135.081,Flood,4.9,1168,43430999.41,35.6,Low
2016,Philippines,12.4102,120.2303,Flood,6.1,1867,33504471.68,46.4,Medium
2018,USA,37.6242,-94.0551,Flood,6.5,615,16041797.95,33.8,Low
2021,Brazil,-13.0891,-52.7015,Hurricane/Typhoon,5.3,2904,203355336.78,70.6,High
2021,UK,53.9395,-3.2682,Flood,5.1,1935,112734734.91,51.0,Medium
2018,Brazil,-16.0628,-50.6694,Drought,5.5,1437,42307631.05,40.6,Medium
2022,USA,38.824,-95.7813,Hurricane/Typhoon,8.4,1857,185615529.02,70.7,High
2019,Mexico,22.481,-101.1873,Earthquake,6.6,596,87951594.45,41.2,Medium
2013,Australia,-25.6888,132.2619,Flood,6.5,1344,73278331.72,46.8,Medium
2017,Japan,36.2193,139.4582,Tornado,8.3,335,11953346.72,37.7,Low
2013,Philippines,12.6809,120.7537,Drought,4.4,1041,30376227.59,31.0,Low
2014,Australia,-23.6139,132.3049,Drought,5.4,108,3027121.19,23.0,Low
2016,China,35.5127,105.7711,Wildfire,8.4,133,13979811.74,36.3,Low
2017,China,34.1701,102.3138,Tornado,7.0,354,9701347.17,32.5,Low
2010,Canada,55.6355,-105.9348,Earthquake,8.9,763,151116316.1,58.3,Medium
2016,USA,36.5719,-96.938,Flood,7.3,1351,61639301.84,48.9,Medium
2015,Philippines,11.636,123.0351,Hurricane/Typhoon,8.2,1205,65136849.34,51.4,Medium
2020,Germany,50.612,9.573,Drought,5.8,528,5355349.83,29.0,Low
2020,Canada,56.6837,-107.8962,Earthquake,7.8,224,32751985.84,36.7,Low
2022,China,36.1228,104.9195,Hurricane/Typhoon,5.3,825,69925685.21,36.4,Low
2016,USA,38.8243,-94.2881,Tornado,7.3,150,4726663.93,31.2,Low
2021,China,37.8278,104.9619,Hurricane/Typhoon,6.0,2594,241205985.33,74.1,High
2012,USA,36.7985,-95.0176,Wildfire,8.8,380,30505781.36,42.1,Medium
2023,Canada,55.2261,-105.6193,Hurricane/Typhoon,6.4,478,44467454.03,34.8,Low
2017,Japan,35.3117,137.9302,Hurricane/Typhoon,5.0,1097,65910336.76,37.6,Low
2012,Italy,43.1007,14.5211,Flood,7.1,504,28357451.63,36.3,Low
2019,Japan,35.5169,136.5014,Hurricane/Typhoon,5.1,2069,183072453.47,59.4,Medium
2018,China,36.3652,103.5272,Earthquake,6.4,294,57346557.77,34.3,Low
2010,Mexico,24.9165,-102.4713,Flood,4.3,1996,98571333.6,47.0,Medium
2016,China,36.1757,102.5321,Flood,4.2,1483,81644738.16,39.8,Low
2019,Philippines,14.0006,120.018,Tornado,4.2,322,18537898.29,21.9,Low
2019,USA,37.8003,-95.473,Earthquake,7.3,148,22803283.1,33.0,Low
2020,India,22.0483,80.1099,Hurricane/Typhoon,6.8,2201,193049447.34,68.5,Medium
2010,Italy,42.3469,11.9185,Drought,6.1,1029,20934241.33,36.8,Low
2011,China,34.292,102.2392,Wildfire,7.7,248,28099863.06,36.1,Low
2020,USA,37.1256,-96.2884,Hurricane/Typhoon,7.5,1061,57919086.74,46.4,Medium
2016,UK,53.612,-4.1833,Hurricane/Typhoon,8.8,1765,103554834.64,63.2,Medium
2012,Italy,42.972,11.1496,Earthquake,7.2,427,83876689.03,41.5,Medium
2023,Germany,51.7907,9.0284,Flood,7.7,2491,133621223.73,69.1,Medium
2017,India,19.3716,77.7615,Drought,6.1,799,11015902.04,33.5,Low
2012,Germany,51.9274,10.3196,Wildfire,8.8,393,36598997.31,42.8,Medium
2010,India,19.2391,78.7772,Wildfire,5.2,274,31344709.9,26.7,Low
2014,China,36.6329,104.0561,Flood,6.2,1557,79916464.14,48.4,Medium
2016,India,20.1913,80.2643,Flood,4.0,1665,27224067.83,35.4,Low
2015,USA,36.2523,-96.9324,Hurricane/Typhoon,8.1,479,47190388.57,41.9,Medium
2013,Japan,35.3364,137.1258,Earthquake,6.6,617,67571193.83,39.3,Low
2017,Japan,34.9043,137.2972,Flood,7.7,762,24423261.37,40.9,Medium
2015,UK,53.8139,-1.6855,Earthquake,6.8,431,68662198.75,38.4,Low
2015,Canada,58.0384,-104.3492,Tornado,8.0,43,1165712.76,32.5,Low
2022,Italy,40.3932,11.3186,Hurricane/Typhoon,7.8,1602,121708665.51,59.4,Medium
2016,Canada,55.1082,-108.1552,Hurricane/Typhoon,5.8,2493,143723855.15,62.5,Medium
2014,USA,36.0787,-95.1922,Earthquake,6.4,570,111837486.63,42.5,Medium
2022,Italy,40.707,10.8856,Hurricane/Typhoon,7.7,565,28275997.05,39.3,Low
2023,India,22.1197,79.9645,Earthquake,7.8,233,27638174.8,36.3,Low
2016,India,21.368,79.8226,Hurricane/Typhoon,6.1,1942,152032064.57,59.0,Medium
2014,UK,55.9689,-4.6012,Tornado,6.0,130,5688019.81,25.9,Low
2023,Australia,-23.7152,134.0555,Drought,4.5,1227,14349983.8,31.7,Low
2011,Philippines,12.0502,121.8453,Flood,4.2,2298,98700621.03,49.7,Medium
2017,India,20.4602,78.5958,Tornado,5.4,205,4404033.82,24.1,Low
2010,India,19.6525,77.2636,Drought,4.2,1127,22828308.9,30.4,Low
2021,China,37.0035,105.8964,Flood,4.3,356,14087337.48,22.2,Low
2018,Australia,-24.5696,132.7701,Wildfire,8.5,331,20967185.26,39.4,Low
2010,China,34.4115,105.61,Wildfire,7.4,317,16039366.76,34.4,Low
2015,Australia,-23.9808,134.9025,Hurricane/Typhoon,6.6,2675,228627875.04,76.0,High
2013,USA,37.7064,-93.7529,Drought,6.5,566,8228805.74,32.5,Low
2020,Philippines,12.7678,121.8333,Wildfire,8.4,522,38547700.77,42.7,Medium
2011,USA,38.4732,-95.9948,Drought,4.7,998,18961439.83,30.7,Low
2022,Brazil,-14.7312,-51.61,Flood,8.2,239,8960351.27,36.1,Low
2020,China,35.2786,103.092,Hurricane/Typhoon,8.0,2502,145061537.71,71.5,High
2010,China,36.1303,102.3188,Flood,8.4,1552,62962451.4,55.4,Medium
2022,UK,57.025,-3.1345,Earthquake,7.3,450,39440299.4,37.6,Low
2010,India,20.4891,78.2754,Drought,5.6,723,8578272.19,30.5,Low
2013,USA,37.3016,-97.5818,Wildfire,7.2,241,15407108.66,32.8,Low
2013,Italy,41.4136,11.3836,Earthquake,7.8,515,44750606.56,40.8,Medium
2023,Germany,49.8473,11.8888,Hurricane/Typhoon,5.6,753,35954439.89,33.5,Low
2010,India,21.5626,78.516,Drought,3.8,521,8437669.78,21.3,Low
2019,Mexico,24.2892,-103.9149,Hurricane/Typhoon,6.2,1131,79337954.94,44.0,Medium
2012,Philippines,11.9718,119.7998,Flood,4.3,1835,77470373.1,43.3,Medium
2013,Japan,35.5156,138.5269,Hurricane/Typhoon,6.9,460,38749223.62,36.1,Low
2012,Australia,-23.746,133.5952,Wildfire,8.2,354,27391219.31,39.1,Low
2017,Mexico,25.0294,-102.8898,Flood,6.8,1969,70100863.41,53.9,Medium
2020,Italy,40.6038,12.8345,Earthquake,9.3,295,54948180.36,45.6,Medium
2011,Japan,37.7302,138.401,Wildfire,5.3,272,30902342.41,27.0,Low
2019,India,21.6374,77.4449,Earthquake,8.6,566,97343334.33,49.8,Medium
2013,Australia,-25.4663,132.7811,Hurricane/Typhoon,6.8,599,46920866.45,37.9,Low
2017,China,35.7076,103.5646,Earthquake,6.7,88,7153386.54,28.4,Low
2021,USA,38.7585,-96.4016,Wildfire,7.2,119,6637630.09,30.7,Low
2014,China,36.7143,103.9409,Hurricane/Typhoon,6.1,960,48225931.91,38.8,Low
2022,USA,35.4921,-96.5334,Hurricane/Typhoon,6.6,617,49534937.61,37.5,Low
2015,USA,36.183,-95.9474,Flood,7.2,2380,58851432.1,58.5,Medium
2012,Philippines,14.216,123.016,Hurricane/Typhoon,7.9,721,45738151.51,43.4,Medium
2019,Australia,-27.0603,131.7887,Wildfire,8.5,305,23248664.42,39.4,Low
2019,Japan,34.5655,137.9367,Drought,4.3,493,11634400.92,23.3,Low
2021,USA,38.925,-97.3236,Tornado,7.0,380,11408677.42,32.9,Low
2021,India,19.0207,78.2686,Hurricane/Typhoon,5.8,1148,110276469.11,45.7,Medium
2011,India,20.3015,77.8896,Flood,5.5,261,8638128.31,25.5,Low
2022,Australia,-25.7133,133.6051,Flood,7.7,1711,29048078.9,50.8,Medium
2023,Italy,41.5144,13.6302,Hurricane/Typhoon,9.0,2496,218339063.61,82.8,High
2012,Canada,56.4068,-107.3322,Flood,5.5,1791,81500392.6,48.1,Medium
2014,Canada,56.9049,-107.0118,Hurricane/Typhoon,8.5,1602,158087429.58,65.8,Medium
2011,China,34.1301,102.2606,Drought,4.8,1146,26142367.6,33.3,Low
2019,Japan,36.5499,140.2035,Flood,6.8,708,20459917.31,36.3,Low
2010,Philippines,13.899,122.2491,Flood,5.7,1414,34064010.04,40.3,Medium
2014,India,21.1582,77.9123,Wildfire,9.4,504,51280938.84,47.8,Medium
2019,Australia,-26.1575,134.3444,Wildfire,7.3,474,45202180.38,38.5,Low
2020,Australia,-27.1752,135.1577,Earthquake,6.8,602,52066304.41,38.4,Low
2016,Italy,43.8235,13.7658,Wildfire,6.0,440,38061335.37,32.2,Low
2016,Japan,36.7191,136.5085,Hurricane/Typhoon,8.8,513,40045815.01,44.3,Medium
2021,USA,35.9069,-97.343,Hurricane/Typhoon,8.3,1137,61601076.94,50.7,Medium
2013,USA,37.99,-96.4641,Wildfire,6.1,230,21254204.88,28.8,Low
2011,Australia,-24.9643,135.6409,Flood,7.9,2170,40363559.66,57.3,Medium
2019,Canada,55.723,-107.6689,Hurricane/Typhoon,7.0,2075,177660395.82,66.5,Medium
2021,Mexico,24.8042,-104.4708,Earthquake,9.0,357,54057655.21,45.0,Medium
2023,Japan,37.1066,137.2792,Hurricane/Typhoon,6.8,1836,135365573.84,59.1,Medium
2020,Germany,50.4929,11.3095,Flood,8.1,217,3380326.67,34.9,Low
2013,Germany,52.0614,10.4158,Drought,6.8,864,15276166.68,37.4,Low
2011,Australia,-23.3199,132.0549,Tornado,8.5,73,3145537.93,35.0,Low
2021,Brazil,-15.4531,-52.1748,Earthquake,9.2,789,96123430.16,54.3,Medium
2022,Philippines,13.4099,121.2427,Flood,5.7,1936,93131065.59,51.5,Medium
2014,Japan,34.338,139.5025,Hurricane/Typhoon,7.7,2943,143833406.42,74.6,High
2023,China,37.6371,102.7795,Flood,6.6,861,13393012.08,36.3,Low
2020,UK,55.9476,-1.7625,Earthquake,8.1,132,18773626.77,35.6,Low
2019,Japan,35.8918,139.569,Earthquake,7.1,595,94615904.68,43.8,Medium
2022,India,19.8219,78.6064,Tornado,7.3,55,1460604.44,29.9,Low
2011,Brazil,-13.0399,-50.6631,Earthquake,6.7,457,74893653.35,38.9,Low
2022,USA,35.7636,-95.7431,Flood,7.5,1911,73809106.22,56.5,Medium
2019,China,36.7922,102.8725,Earthquake,8.5,252,34870890.89,40.0,Medium
2022,Germany,49.601,10.7184,Flood,4.9,948,48739560.2,34.0,Low
2010,Japan,38.1318,139.7365,Hurricane/Typhoon,8.7,747,68799984.48,49.1,Medium
2015,Japan,35.3725,137.7609,Earthquake,7.2,649,70204676.44,42.3,Medium
2018,Germany,52.2021,8.488,Earthquake,9.3,731,109572114.75,55.5,Medium
2016,Canada,54.5174,-106.2507,Flood,6.7,1288,73346160.96,47.0,Medium
2020,Germany,50.5081,10.1678,Earthquake,9.1,372,66224058.65,46.7,Medium
2015,Canada,56.7903,-106.8263,Flood,5.6,1552,79589911.13,45.9,Medium
2011,USA,38.5722,-96.1028,Tornado,8.2,23,1290634.66,33.2,Low
2018,Mexico,22.7479,-101.7529,Tornado,5.7,326,19941776.56,28.1,Low
2020,Mexico,23.6897,-101.9091,Flood,6.9,1519,23921764.44,45.2,Medium
2015,India,18.773,80.1902,Earthquake,7.6,671,92694850.33,46.4,Medium
2010,Philippines,14.0458,121.1633,Drought,6.8,1075,31967736.47,41.1,Medium
2023,Mexico,25.2508,-101.6129,Earthquake,6.7,196,36139077.17,32.4,Low
2016,Italy,43.0094,13.4267,Flood,6.2,556,15879734.59,31.9,Low
2023,China,36.055,105.6891,Flood,6.0,673,24697474.39,33.2,Low
2017,Brazil,-15.2566,-53.2383,Drought,5.8,316,5908526.33,27.0,Low
2011,Philippines,11.5109,123.4859,Drought,6.1,551,13435308.31,31.3,Low
2016,China,37.666,104.8724,Wildfire,9.2,553,31151000.31,45.4,Medium
2015,Philippines,14.3578,123.4971,Wildfire,7.7,401,30632679.75,37.9,Low
2020,Philippines,13.814,121.2966,Hurricane/Typhoon,7.2,2089,184890807.39,68.2,Medium
2023,Japan,34.6628,136.6007,Flood,7.3,970,47052564.89,43.6,Medium
2017,USA,36.5609,-94.2967,Drought,5.3,103,1670245.76,22.4,Low
2021,China,34.6194,103.7426,Hurricane/Typhoon,8.1,817,58158212.76,46.4,Medium
2012,China,34.7486,103.7712,Hurricane/Typhoon,6.8,892,79360238.84,44.1,Medium
2016,Australia,-26.3944,134.4899,Flood,5.3,340,14262868.72,26.0,Low
2012,Australia,-23.3087,132.2639,Drought,5.8,1079,24408643.22,36.4,Low
2021,Japan,35.366,140.116,Flood,7.6,825,43110219.28,43.0,Medium
2018,Japan,37.1306,139.4917,Wildfire,5.2,233,25624062.17,25.7,Low
2020,Philippines,12.0664,123.03,Drought,3.6,144,3018075.58,16.1,Low
2014,Australia,-24.5584,135.7313,Wildfire,6.8,590,59514965.0,39.1,Low
2019,Australia,-23.5777,134.5744,Hurricane/Typhoon,5.4,1624,138260845.81,51.7,Medium
2022,China,37.0803,105.5892,Wildfire,7.1,217,19617021.04,32.5,Low
2018,India,20.5198,80.5489,Flood,7.6,1001,48137439.7,45.2,Medium
2022,USA,37.9938,-95.4073,Wildfire,9.4,201,15348140.0,41.1,Medium
2017,Canada,56.8478,-107.6671,Flood,5.6,2140,49398646.28,48.7,Medium
2017,USA,39.0111,-95.1096,Hurricane/Typhoon,8.9,2868,239056475.85,88.2,High
2016,Japan,34.6752,137.8366,Earthquake,8.1,226,35783853.74,38.2,Low
2023,India,21.3572,80.1413,Wildfire,8.5,441,30545919.16,41.5,Medium
2021,China,35.3293,102.67,Flood,6.2,2287,57454189.65,53.4,Medium
2019,China,37.8094,104.108,Wildfire,5.4,235,18066140.0,25.8,Low
2014,Canada,56.9409,-107.1465,Flood,5.5,2401,55991423.69,51.6,Medium
2015,Mexico,21.709,-102.3258,Hurricane/Typhoon,8.2,2301,100866405.36,65.9,Medium
2023,Mexico,23.7859,-101.2747,Wildfire,8.4,262,30810590.34,39.3,Low
2013,Italy,40.5927,12.9564,Flood,6.5,1487,30538576.46,43.9,Medium
2023,USA,35.9149,-97.0652,Hurricane/Typhoon,8.4,443,19968942.52,40.0,Medium
2011,USA,36.2843,-93.8449,Flood,8.4,200,5235033.76,36.1,Low
2014,USA,38.8732,-94.0915,Earthquake,7.9,193,28804975.23,36.4,Low
2017,Philippines,12.9607,123.7141,Earthquake,7.9,264,42913632.19,38.5,Low
2013,China,34.0389,102.3369,Flood,7.9,1081,62788838.33,48.7,Medium
2022,China,34.7242,103.6263,Flood,6.8,504,20030566.49,34.2,Low
2017,Japan,36.7991,136.9033,Hurricane/Typhoon,8.8,2042,196873221.69,75.3,High
2019,USA,35.9051,-95.1917,Earthquake,8.2,711,73314971.51,47.2,Medium
2019,India,21.2193,80.242,Hurricane/Typhoon,6.7,928,54734943.7,41.6,Medium
2020,UK,54.8858,-1.5739,Flood,5.2,2376,47400144.96,49.3,Medium
2016,Brazil,-15.9662,-51.3593,Earthquake,7.2,329,32097093.91,35.3,Low
2015,UK,54.4646,-5.0382,Drought,3.9,315,8081221.8,19.6,Low
2010,USA,37.1959,-94.208,Hurricane/Typhoon,8.2,691,49570686.53,44.7,Medium
2017,Philippines,14.3316,121.9762,Hurricane/Typhoon,8.6,999,59020703.6,50.3,Medium
2023,Philippines,11.5927,122.9943,Wildfire,8.5,462,38521712.84,42.5,Medium
2015,USA,35.128,-95.6557,Flood,4.6,1751,70985951.27,43.0,Medium
2012,Japan,37.8738,138.8068,Earthquake,8.7,744,113865003.0,53.6,Medium
2017,Philippines,11.6024,123.715,Wildfire,7.3,332,38738803.33,36.4,Low
2013,Brazil,-13.3561,-50.2248,Flood,6.9,556,32045315.31,36.4,Low
2015,India,19.8409,77.3206,Flood,7.3,583,13076742.85,36.3,Low
2022,USA,38.0636,-95.4934,Hurricane/Typhoon,8.5,2036,164146358.99,70.8,High
2014,Canada,54.6757,-106.3488,Wildfire,8.0,595,58816783.34,43.8,Medium
2015,India,21.0551,80.6035,Wildfire,8.2,597,61178623.74,44.9,Medium
2014,Japan,37.1559,140.0535,Tornado,8.0,280,17092512.11,36.5,Low
2019,USA,36.8846,-97.0359,Drought,6.1,560,7557918.98,30.8,Low
2021,India,19.1233,78.3732,Flood,6.2,898,28554394.27,36.6,Low
2014,USA,38.7462,-96.7109,Hurricane/Typhoon,8.1,782,44889837.57,44.7,Medium
2018,Germany,50.219,8.4589,Hurricane/Typhoon,6.6,1548,148215644.54,56.7,Medium
2010,Canada,56.1921,-104.7663,Drought,6.6,1099,12253778.11,38.6,Low
2018,USA,36.9314,-96.5166,Flood,5.6,962,31835527.56,35.2,Low
2013,USA,36.8132,-96.9198,Hurricane/Typhoon,8.6,1982,94007367.76,63.6,Medium
2011,Germany,49.7825,11.0765,Flood,5.8,1425,44748286.62,41.9,Medium
2013,Italy,42.0157,11.6379,Drought,5.6,999,13223449.33,33.7,Low
2021,India,20.3258,78.3969,Tornado,4.9,107,3969056.49,21.1,Low
2016,USA,36.7742,-96.3851,Flood,7.0,2163,125857287.89,62.2,Medium
2017,Canada,54.6052,-106.3837,Hurricane/Typhoon,7.7,821,48843968.03,43.9,Medium
2018,UK,56.8971,-3.4226,Drought,6.4,896,11315004.65,35.7,Low
2022,Canada,57.3009,-107.8355,Earthquake,6.0,750,81285444.16,39.6,Low
2013,China,35.2286,106.0958,Wildfire,7.0,346,24135450.02,33.9,Low
2021,USA,36.8058,-95.2395,Wildfire,5.8,337,34937104.2,30.1,Low
2017,Mexico,25.607,-103.5606,Tornado,4.9,371,24843278.66,25.8,Low
2020,USA,38.0118,-95.2656,Flood,7.8,809,20485731.52,41.3,Medium
2021,USA,35.2435,-93.7484,Drought,4.7,1362,19058288.76,34.3,Low
2017,Mexico,23.1514,-102.4501,Wildfire,9.4,277,20368488.54,42.4,Medium
2017,Germany,51.1995,11.0255,Earthquake,6.9,337,65094869.34,37.5,Low
2022,Philippines,11.8579,123.3504,Flood,4.0,1517,37225647.52,34.9,Low
2010,Germany,52.7939,8.853,Flood,8.3,1689,50742114.6,55.2,Medium
2011,USA,37.7658,-94.9782,Wildfire,5.6,419,42692097.37,30.9,Low
2014,India,21.7052,79.0754,Earthquake,8.3,265,39781605.48,39.8,Low
2013,USA,35.5155,-95.1918,Hurricane/Typhoon,5.2,2980,265352756.33,77.1,High
2016,Japan,35.9831,136.6445,Drought,5.5,717,17571528.45,30.9,Low
2021,Canada,54.938,-105.4569,Flood,4.9,2454,115392333.57,55.7,Medium
2013,Italy,42.9074,13.9444,Hurricane/Typhoon,6.4,1799,120369170.84,55.6,Medium
2014,Philippines,14.5134,120.0408,Hurricane/Typhoon,8.7,2363,206651699.82,79.1,High
2020,Japan,35.2966,140.1199,Earthquake,9.3,112,19636606.71,40.3,Medium
2019,Philippines,13.8329,121.36,Wildfire,8.9,126,7759870.7,37.6,Low
2015,Philippines,12.4066,122.8875,Hurricane/Typhoon,6.1,1053,42347482.52,39.2,Low
2017,Brazil,-13.8615,-53.8846,Drought,5.1,1131,27319395.96,34.4,Low
2018,Brazil,-15.0164,-53.0387,Wildfire,7.5,225,14776888.84,33.7,Low
2018,Brazil,-15.0626,-51.3615,Drought,4.1,372,5732035.32,20.7,Low
2015,UK,55.9397,-4.434,Tornado,6.4,10,589187.3,25.8,Low
2016,China,37.7489,103.4882,Drought,6.5,640,15642618.76,34.0,Low
2021,India,21.0359,78.2585,Flood,7.7,1656,41180715.25,51.5,Medium
2018,Canada,54.8369,-104.4536,Hurricane/Typhoon,8.9,2689,124733470.47,75.0,High
2015,Philippines,12.3979,122.3853,Tornado,6.9,292,9451905.84,31.5,Low
2015,India,19.8871,77.7757,Hurricane/Typhoon,8.4,1919,94680559.68,62.3,Medium
2021,Japan,37.1051,137.7246,Drought,3.4,471,9037454.86,19.2,Low
2017,Mexico,22.3344,-102.2714,Drought,3.7,677,7054980.49,22.3,Low
2014,Japan,34.9109,137.8268,Hurricane/Typhoon,5.3,595,39022302.59,31.1,Low
2014,India,21.1705,78.57,Wildfire,5.6,62,5718293.86,23.6,Low
2014,India,18.6729,80.2662,Wildfire,7.9,94,5569738.12,33.1,Low
2013,UK,54.4406,-1.6756,Hurricane/Typhoon,8.2,338,32940486.78,39.5,Low
2011,USA,38.0345,-96.3564,Wildfire,5.9,541,55818769.24,34.6,Low
2021,Italy,43.1319,11.7895,Hurricane/Typhoon,6.0,2526,205925763.96,69.9,Medium
2013,China,34.3523,105.4897,Flood,5.3,2295,125973833.08,56.7,Medium
2015,India,18.5948,77.8573,Flood,5.7,1647,73277347.14,46.6,Medium
2011,Japan,37.716,137.789,Tornado,7.7,67,3317118.71,31.8,Low
2021,Canada,55.0281,-104.5141,Earthquake,6.3,391,36833027.53,32.8,Low
2018,Canada,57.8095,-104.7577,Hurricane/Typhoon,5.7,2472,148544071.68,62.4,Medium
2022,Japan,35.901,139.8225,Wildfire,7.8,343,25514740.26,37.2,Low
2021,USA,38.7549,-95.0631,Drought,6.2,256,6598943.37,28.0,Low
2012,Mexico,25.5422,-101.4389,Flood,4.7,2029,96297264.95,48.7,Medium
2013,UK,55.2837,-5.1607,Hurricane/Typhoon,8.8,1440,70099299.63,56.6,Medium
2013,Australia,-26.7599,134.8401,Earthquake,7.7,542,88460091.08,45.1,Medium
2021,India,21.764,78.2939,Tornado,6.9,135,5803800.21,29.5,Low
2017,Brazil,-14.075,-51.9496,Hurricane/Typhoon,5.9,642,48058730.86,34.8,Low
2014,India,20.9015,79.734,Wildfire,8.2,290,21842701.45,37.9,Low
2021,Japan,37.6024,137.6996,Hurricane/Typhoon,5.5,751,32724557.19,32.8,Low
2019,Australia,-23.875,135.2371,Tornado,5.3,83,5819556.63,22.6,Low
2022,Brazil,-12.5046,-52.2357,Flood,5.0,764,15490567.12,29.2,Low
2018,Philippines,11.4423,122.7023,Wildfire,6.9,105,10405302.96,29.7,Low
2019,China,34.1551,105.5397,Tornado,4.1,197,5609899.96,18.9,Low
2014,Japan,34.2499,139.5743,Hurricane/Typhoon,8.1,2224,188180371.31,73.5,High
2011,Philippines,13.6643,120.968,Hurricane/Typhoon,6.3,2941,240323289.92,78.6,High
2023,Australia,-26.6465,135.2946,Flood,7.4,2261,50229687.43,57.2,Medium
2013,India,20.2845,80.753,Hurricane/Typhoon,7.8,1356,129022062.72,57.7,Medium
2014,Germany,51.9974,10.1447,Flood,8.4,2336,74729136.64,64.4,Medium
2013,Canada,57.1025,-106.7384,Flood,5.8,2490,105149595.51,58.6,Medium
2015,USA,37.8597,-95.8003,Wildfire,6.8,439,27015052.57,34.3,Low
2012,Mexico,24.2166,-103.7711,Flood,4.4,1574,25596700.74,35.9,Low
2014,Australia,-25.1037,132.0313,Hurricane/Typhoon,8.0,1566,80280408.34,55.7,Medium
2010,Japan,37.9168,137.2113,Flood,6.6,383,15461047.22,31.8,Low
2021,UK,53.5527,-4.1717,Drought,3.0,830,20777878.54,22.4,Low
2018,Canada,56.1309,-107.0821,Earthquake,7.2,182,29906024.74,33.6,Low
2012,USA,36.7191,-94.7442,Flood,7.6,815,13093658.77,39.9,Low
2014,UK,55.2778,-1.9548,Flood,4.7,2096,38867969.71,43.6,Medium
2010,China,37.6713,103.1163,Flood,7.1,776,38487393.97,40.0,Medium
2010,Japan,38.0547,138.3152,Wildfire,7.9,399,32448122.2,38.8,Low
2018,USA,36.2534,-95.2161,Drought,3.2,1498,26593522.78,30.4,Low
2014,Japan,36.6415,136.55,Flood,6.8,2237,43360379.33,53.9,Medium
2021,USA,38.1553,-96.4718,Tornado,7.6,54,2696475.72,31.2,Low
2012,India,19.2689,78.1424,Flood,6.6,1647,31318225.24,46.0,Medium
2020,Japan,37.2878,137.2818,Hurricane/Typhoon,6.0,2110,166726977.71,61.8,Medium
2023,USA,35.5859,-95.4351,Flood,7.9,1842,61534764.47,56.2,Medium
2022,China,36.5823,103.9533,Hurricane/Typhoon,7.5,1584,98874841.41,55.7,Medium
2017,Philippines,12.8938,120.8213,Tornado,7.1,327,25717208.73,34.2,Low
2011,USA,38.2524,-94.911,Hurricane/Typhoon,5.6,731,41988373.92,33.9,Low
2023,Japan,35.7971,136.5419,Earthquake,7.6,145,17671520.54,33.6,Low
2010,India,20.7305,80.2332,Flood,4.8,643,36191715.28,29.2,Low
2019,Canada,57.2029,-107.5421,Earthquake,7.1,668,92421408.5,44.3,Medium
2014,Philippines,12.7749,120.8835,Flood,4.7,2124,45768209.01,44.6,Medium
2017,Japan,36.4728,140.2012,Wildfire,5.3,420,44213038.4,29.8,Low
2017,Canada,54.9837,-107.494,Flood,7.4,1932,52440594.7,54.2,Medium
2017,China,34.1944,102.467,Hurricane/Typhoon,6.2,2149,198304020.38,66.1,Medium
2015,Brazil,-13.5514,-52.8822,Tornado,4.4,229,9279343.09,20.8,Low
2012,Philippines,11.5281,121.1671,Hurricane/Typhoon,6.9,958,93822103.66,46.6,Medium
2010,India,22.2404,79.2413,Tornado,6.5,315,10052783.58,30.2,Low
2014,Philippines,13.184,120.3485,Wildfire,8.7,374,19071409.86,40.4,Medium
2023,Italy,43.6053,12.5578,Earthquake,8.8,740,95287133.47,52.1,Medium
2017,Brazil,-16.2153,-52.1178,Tornado,4.6,240,14000396.09,22.2,Low
2011,Brazil,-16.0841,-50.9372,Flood,7.1,880,36997357.04,40.9,Medium
2023,Japan,35.0391,137.0146,Wildfire,9.3,429,45887793.86,46.1,Medium
2011,USA,38.6766,-95.7017,Tornado,7.1,342,27340468.44,34.6,Low
2016,India,19.9969,80.2727,Hurricane/Typhoon,8.9,1675,78394689.94,60.2,Medium
2017,Japan,35.9135,136.9576,Hurricane/Typhoon,7.2,1862,106323320.89,58.1,Medium
2011,China,36.5811,104.7264,Wildfire,9.2,151,18070989.25,40.1,Medium
2019,Mexico,22.0452,-101.9515,Hurricane/Typhoon,6.6,2333,198297116.22,69.6,Medium
2020,China,36.0389,104.7241,Hurricane/Typhoon,8.2,1487,135469142.96,61.2,Medium
2020,Japan,37.3075,138.4564,Flood,7.9,709,21821329.56,40.9,Medium
2010,UK,55.2258,-1.798,Hurricane/Typhoon,8.1,1921,77716567.86,59.4,Medium
2012,India,19.4857,78.0944,Tornado,5.2,222,13408366.82,24.4,Low
2012,USA,38.7262,-97.5793,Flood,7.6,2325,120671098.08,65.7,Medium
2022,China,35.2004,106.0266,Drought,4.0,901,12481740.47,26.3,Low
2019,China,37.1742,105.3953,Hurricane/Typhoon,5.5,2906,184312183.52,69.5,Medium
2014,Philippines,12.4825,121.0425,Flood,5.0,717,27024853.61,29.9,Low
2011,China,36.9971,105.5621,Hurricane/Typhoon,6.0,2564,127028739.49,62.3,Medium
2013,Australia,-26.897,131.8726,Flood,7.5,826,13424007.48,39.6,Low
2011,Philippines,14.5524,120.0851,Earthquake,8.6,183,36235775.64,39.9,Low
2018,China,36.9704,102.9362,Wildfire,6.0,248,21694842.94,28.6,Low
2022,Japan,37.3201,139.3942,Wildfire,8.0,331,18472261.27,37.2,Low
2016,USA,35.1826,-93.7708,Tornado,4.5,315,8618733.71,22.0,Low
2019,USA,36.138,-96.9875,Flood,7.8,1051,34247895.87,45.1,Medium
2019,Germany,49.2478,8.7443,Drought,3.3,959,16787378.81,24.5,Low
2022,Australia,-23.6368,135.0042,Flood,4.0,931,41601723.55,29.5,Low
2019,China,37.2792,102.6588,Earthquake,7.2,678,103055419.73,45.9,Medium
2013,USA,37.177,-96.692,Flood,6.7,2395,38407939.32,54.6,Medium
2022,Germany,49.7694,11.9175,Flood,5.0,1541,32723791.34,38.7,Low
2018,USA,37.8564,-97.2037,Earthquake,6.7,144,17543002.4,30.0,Low
2016,Brazil,-15.0527,-50.9392,Hurricane/Typhoon,7.1,1938,184770636.88,66.3,Medium
2017,Japan,34.9915,139.6341,Wildfire,9.3,155,14082583.57,40.2,Medium
2017,UK,54.6163,-2.2536,Drought,5.0,1013,18714918.14,32.0,Low
2014,Philippines,14.1336,122.2616,Hurricane/Typhoon,6.7,2623,160461842.31,69.1,Medium
2023,Italy,43.1474,12.3576,Tornado,8.3,139,7674489.49,35.4,Low
2019,Australia,-23.9633,134.3504,Drought,4.4,161,1979172.85,19.4,Low
2016,Mexico,23.3475,-103.8063,Flood,5.0,1722,54653512.4,42.7,Medium
2014,UK,53.8592,-4.1556,Flood,5.5,2106,85369061.07,51.6,Medium
2019,Australia,-26.3394,132.0349,Earthquake,6.7,272,25119315.12,32.0,Low
2019,Australia,-24.8384,135.3034,Tornado,4.3,340,15403702.87,22.1,Low
2010,Philippines,12.1411,121.0505,Flood,7.6,2242,38350829.14,56.7,Medium
2019,Australia,-26.793,133.5811,Hurricane/Typhoon,7.4,1268,94573563.26,51.7,Medium
2021,Australia,-24.6953,135.1944,Drought,6.6,682,8607631.82,34.1,Low
2011,Canada,54.278,-106.2061,Hurricane/Typhoon,6.3,366,16165212.36,30.5,Low
2022,USA,38.3001,-94.817,Earthquake,8.6,459,41113577.87,43.1,Medium
2013,UK,55.3453,-5.2417,Earthquake,9.4,555,100921576.03,53.2,Medium
2020,Canada,54.6157,-106.8444,Hurricane/Typhoon,5.1,495,44316058.94,29.8,Low
2013,USA,39.0642,-94.2644,Wildfire,6.0,140,8873364.99,26.3,Low
2014,Italy,41.3455,14.1715,Drought,6.7,207,3145107.04,29.2,Low
2020,UK,53.8132,-1.6414,Flood,5.5,1754,47614158.45,44.3,Medium
2011,Japan,34.7511,138.0928,Flood,7.9,1892,82605976.5,58.8,Medium
2012,China,35.9471,103.1521,Hurricane/Typhoon,7.0,1449,85946973.91,51.1,Medium
2013,Philippines,11.7733,120.8252,Earthquake,6.3,621,111944597.05,42.6,Medium
2012,Japan,36.7885,139.6735,Wildfire,5.3,556,30145588.86,29.8,Low
2018,USA,35.9545,-94.436,Flood,4.5,1054,54417802.67,34.0,Low
2011,UK,55.4257,-4.1766,Drought,5.8,1442,18861329.0,39.5,Low
2012,Germany,52.8165,9.3251,Earthquake,9.4,685,97006744.3,54.2,Medium
2010,UK,54.1218,-4.3186,Flood,5.4,618,13366127.5,29.1,Low
2016,Italy,42.8501,11.5222,Tornado,4.8,24,1165786.21,19.6,Low
2017,Brazil,-14.8222,-53.4467,Hurricane/Typhoon,6.4,1168,57275452.84,43.0,Medium
2021,Germany,51.1917,8.6626,Earthquake,6.3,714,89894530.27,41.3,Medium
2019,Canada,54.9057,-107.5822,Flood,5.2,2221,85148322.01,51.5,Medium
2017,USA,35.2895,-96.7142,Flood,4.5,346,14146338.94,22.9,Low
2014,Japan,36.3285,137.3518,Tornado,7.1,217,9442643.33,31.5,Low
2010,USA,38.0257,-94.1919,Earthquake,6.7,258,31402721.19,32.5,Low
2013,Australia,-24.8847,134.7055,Flood,6.3,2152,103853548.27,57.1,Medium
2014,Mexico,24.3817,-103.8691,Wildfire,5.7,390,44066429.76,31.1,Low
2021,USA,35.1409,-95.8116,Earthquake,6.6,320,59440289.04,35.5,Low
2014,Japan,37.241,136.2889,Earthquake,7.7,51,7068440.93,32.0,Low
2021,Japan,34.6375,139.5257,Hurricane/Typhoon,9.0,1235,88322446.56,57.2,Medium
2023,Japan,34.7863,136.6256,Earthquake,8.6,513,71245143.49,46.7,Medium
2017,India,20.7729,79.6136,Earthquake,7.6,411,47731930.5,39.3,Low
2011,Australia,-25.1987,134.4257,Tornado,7.8,257,6878775.66,34.5,Low
2020,Philippines,13.7829,119.8529,Drought,6.4,1450,43328524.85,44.4,Medium
2013,India,18.7136,79.2703,Wildfire,6.9,261,26649550.73,32.9,Low
2014,Japan,38.0193,138.8049,Drought,6.5,1490,31138509.33,44.0,Medium
2022,Italy,43.8193,14.0644,Flood,8.1,1628,89474506.58,57.6,Medium
2022,India,20.2592,80.9358,Earthquake,6.1,582,95576200.74,39.8,Low
2020,Mexico,22.1218,-101.3687,Hurricane/Typhoon,8.2,1721,98621065.18,59.9,Medium
2019,Canada,56.1257,-105.5979,Hurricane/Typhoon,5.6,1486,115057574.1,48.8,Medium
2020,China,35.0746,103.343,Wildfire,5.1,91,5934362.17,21.9,Low
2022,Mexico,22.1237,-102.5965,Flood,5.6,202,3483609.6,24.8,Low
2013,USA,38.6049,-94.5689,Hurricane/Typhoon,8.8,2596,127988565.51,74.0,High
2016,USA,36.1727,-93.7263,Flood,6.6,530,14885628.32,33.2,Low
2011,USA,38.8217,-96.7151,Wildfire,6.7,458,53899032.49,36.8,Low
2018,USA,36.135,-96.5019,Earthquake,8.0,745,137908357.03,53.2,Medium
2013,Mexico,22.1867,-101.4794,Earthquake,7.5,254,29496377.86,35.5,Low
2020,USA,37.3567,-95.1967,Hurricane/Typhoon,6.5,2089,95597941.73,56.4,Medium
2012,Brazil,-13.4535,-51.9047,Wildfire,6.6,412,32933978.89,33.8,Low
2014,India,20.231,77.0707,Hurricane/Typhoon,8.8,2024,91698816.21,64.6,Medium
2023,USA,38.7174,-94.5635,Hurricane/Typhoon,6.5,2843,206390920.1,75.1,High
2012,Brazil,-15.0566,-50.8987,Earthquake,7.4,56,7590068.54,30.9,Low
2011,UK,55.442,-2.0732,Flood,5.2,638,19144309.98,29.1,Low
2010,USA,36.2523,-95.7841,Earthquake,6.2,648,104282354.83,41.7,Medium
2012,Philippines,11.0821,120.5903,Flood,7.3,2228,47095739.73,56.2,Medium
2022,Italy,42.4287,11.1791,Hurricane/Typhoon,7.9,326,28797865.48,37.7,Low
2014,China,34.6628,102.4586,Flood,8.0,2329,45086793.45,59.8,Medium
2019,Japan,36.095,139.5809,Hurricane/Typhoon,5.2,798,46280349.54,33.4,Low
2021,Germany,49.8962,9.3897,Tornado,5.2,323,19663990.26,26.0,Low
2023,Mexico,24.0986,-102.8206,Hurricane/Typhoon,5.7,2992,162887213.86,69.0,Medium
2019,Germany,51.9585,9.2514,Hurricane/Typhoon,6.2,709,69159748.77,38.8,Low
2014,Germany,51.8308,10.0148,Wildfire,5.5,476,50905606.92,31.9,Low
2017,USA,36.2237,-97.2295,Earthquake,8.0,84,13222698.6,34.2,Low
2011,Italy,42.3495,10.7305,Drought,6.9,1058,29252095.83,41.1,Medium
2017,India,18.6265,77.5933,Hurricane/Typhoon,8.4,1163,70861642.23,52.3,Medium
2021,Philippines,12.4325,120.0211,Wildfire,6.6,397,32618997.66,33.6,Low
2014,Mexico,22.1902,-101.4102,Wildfire,9.2,119,13581613.0,39.3,Low
2021,China,35.3661,104.077,Wildfire,7.6,569,59334102.28,42.0,Medium
2016,Brazil,-15.7123,-52.6237,Drought,4.4,1364,36279297.39,34.9,Low
2014,USA,35.2081,-94.7785,Flood,7.0,2245,128055980.65,63.3,Medium
2018,Germany,52.1996,12.3753,Tornado,7.3,131,3448694.02,30.9,Low
2018,Italy,42.7827,12.0963,Drought,6.7,226,5025804.38,29.6,Low
2017,USA,38.4772,-97.4185,Wildfire,7.7,80,9171884.73,32.5,Low
2017,Australia,-24.4751,133.2805,Drought,5.3,509,7082408.71,27.0,Low
2011,Germany,51.8754,9.352,Wildfire,7.0,591,63004769.66,40.2,Medium
2019,Japan,36.5284,138.7665,Wildfire,5.9,193,21718361.57,27.7,Low
2010,India,20.2221,79.1463,Flood,4.8,2363,88205818.54,51.7,Medium
2016,Mexico,23.9115,-102.6551,Earthquake,8.2,622,113459388.2,50.4,Medium
2021,Mexico,23.3855,-102.0481,Tornado,6.6,75,5020743.11,27.7,Low
2015,Australia,-26.7983,132.6923,Hurricane/Typhoon,6.3,1217,108653356.33,48.2,Medium
2019,Australia,-23.9574,133.3317,Earthquake,9.1,211,41392667.19,42.6,Medium
2014,USA,37.3914,-94.2972,Drought,5.0,917,20515947.76,31.2,Low
2010,Brazil,-12.6628,-51.5889,Drought,6.9,1437,15231568.57,43.5,Medium
2011,Australia,-26.2265,133.1082,Wildfire,5.6,387,44385880.76,30.7,Low
2013,China,37.3731,103.1325,Flood,8.3,344,10513689.46,37.7,Low
2020,USA,36.755,-94.7528,Drought,6.6,1080,31246574.61,40.3,Medium
2023,Australia,-27.103,131.9124,Hurricane/Typhoon,7.6,2067,141911032.98,65.3,Medium
2023,UK,56.8758,-4.519,Drought,3.1,501,10362542.33,18.4,Low
2019,Mexico,24.3578,-101.5983,Hurricane/Typhoon,5.2,1845,150785266.86,54.3,Medium
2019,India,20.2973,77.5111,Hurricane/Typhoon,8.6,1806,110359866.44,63.5,Medium
2010,Australia,-23.5977,132.7227,Flood,4.0,1891,91971443.78,44.1,Medium
2022,Italy,43.0427,12.8322,Drought,3.1,611,16040239.52,20.1,Low
2020,USA,35.5969,-96.9876,Flood,5.6,1200,71896795.69,41.6,Medium
2023,USA,36.6813,-95.0797,Wildfire,5.3,260,22007712.38,26.0,Low
2014,Philippines,12.2978,123.4304,Flood,7.2,1702,85286161.78,54.3,Medium
2019,Australia,-24.6554,133.8774,Earthquake,8.4,565,52276840.04,44.5,Medium
2010,Australia,-25.6267,135.5723,Hurricane/Typhoon,5.3,861,77908033.66,37.6,Low
2022,Brazil,-15.0102,-51.7081,Flood,7.3,781,12975569.47,38.3,Low
2022,Japan,35.9611,139.3068,Drought,3.1,169,2603609.17,14.4,Low
2012,China,35.0617,106.0504,Flood,7.8,1772,66079806.94,55.5,Medium
2017,Mexico,23.1687,-104.3723,Flood,4.8,1965,76560599.59,46.5,Medium
2018,China,33.9852,105.242,Drought,6.6,788,22421731.24,36.5,Low
2020,Italy,43.111,12.9238,Wildfire,6.5,494,54637368.45,36.4,Low
2017,UK,57.0843,-2.4204,Tornado,6.5,379,28784429.11,32.7,Low
2014,Australia,-23.3064,133.909,Hurricane/Typhoon,7.9,2425,134844653.1,69.3,Medium
2012,Canada,55.9993,-104.3695,Flood,8.1,1349,68774045.62,52.8,Medium
2019,Canada,54.4721,-107.3403,Hurricane/Typhoon,6.4,1916,81078169.75,52.9,Medium
2016,Australia,-26.195,132.7721,Wildfire,8.5,62,3639489.83,35.0,Low
2020,Brazil,-14.946,-52.8619,Flood,6.1,2001,30813762.36,47.5,Medium
2023,USA,36.5249,-95.159,Hurricane/Typhoon,6.6,2673,257490238.3,78.9,High
2017,Australia,-24.8287,133.0261,Flood,4.8,1331,35510196.38,36.1,Low
2011,Germany,50.0697,9.148,Tornado,7.0,129,3465816.4,29.6,Low
2017,USA,37.8278,-94.2677,Hurricane/Typhoon,5.2,1233,53818935.96,38.5,Low
2015,Philippines,11.9062,120.7998,Wildfire,8.9,411,36098497.77,43.3,Medium
2016,USA,36.0288,-97.2733,Hurricane/Typhoon,5.5,617,33452951.89,31.5,Low
2015,Australia,-25.7846,135.0608,Hurricane/Typhoon,7.6,1459,70885177.87,52.1,Medium
2015,Australia,-24.1173,133.1099,Hurricane/Typhoon,7.6,2227,215014117.56,74.2,High
2020,Australia,-27.1454,133.2432,Earthquake,6.5,655,54407073.5,38.0,Low
2011,China,37.0921,104.2332,Wildfire,7.3,402,46549906.98,37.9,Low
2023,India,20.9207,79.5882,Flood,7.4,521,30209179.84,37.8,Low
2012,Canada,58.0993,-106.0784,Drought,5.5,956,19865056.38,33.5,Low
2015,USA,38.6039,-94.5172,Hurricane/Typhoon,7.6,2431,161566800.01,70.9,High
2016,Japan,37.544,137.4223,Flood,5.1,1682,42706117.24,41.5,Medium
2021,Australia,-23.3804,134.5423,Hurricane/Typhoon,8.8,1979,122129768.92,67.2,Medium
2017,India,20.6126,80.6185,Wildfire,7.7,509,53466016.57,41.2,Medium
2014,Japan,37.5113,140.197,Drought,4.0,934,21932283.77,27.5,Low
2020,China,36.2822,105.3734,Earthquake,6.4,468,61084628.67,36.4,Low
2016,Canada,56.434,-105.8095,Wildfire,9.0,514,26258130.81,43.8,Medium
2023,USA,36.1435,-95.4917,Drought,6.0,358,9805324.97,28.6,Low
2022,Mexico,21.7257,-103.8823,Flood,6.3,2368,133408467.23,62.2,Medium
2018,Italy,41.2875,12.1693,Hurricane/Typhoon,7.8,787,47384087.61,43.8,Medium
2010,Mexico,22.9766,-102.115,Flood,7.2,502,24218326.88,36.2,Low
2017,India,20.3856,78.5955,Hurricane/Typhoon,8.3,1484,126822052.16,60.7,Medium
2011,Philippines,13.8038,122.6648,Hurricane/Typhoon,8.3,2386,107435303.57,67.8,Medium
2015,Italy,42.2442,12.0395,Hurricane/Typhoon,6.5,2096,106064591.68,57.6,Medium
2014,Philippines,11.9872,122.862,Flood,6.2,397,16033206.36,30.4,Low
2015,Italy,42.1893,13.9363,Hurricane/Typhoon,6.3,1604,137042572.63,54.9,Medium
2011,Canada,54.2977,-104.5598,Tornado,7.3,230,11764062.59,32.7,Low
2022,Brazil,-13.7681,-53.5221,Earthquake,6.4,330,45670774.73,33.5,Low
2016,Japan,34.8773,140.0068,Earthquake,8.1,158,30168820.56,37.0,Low
2023,China,34.424,103.0174,Tornado,7.4,24,1341683.82,30.0,Low
2018,USA,38.6526,-95.5583,Flood,6.2,305,9646944.17,28.8,Low
2023,Australia,-23.4785,133.476,Hurricane/Typhoon,5.5,2158,124509035.93,56.0,Medium
2010,USA,37.9153,-94.331,Hurricane/Typhoon,6.7,1377,62256689.61,46.8,Medium
2020,USA,36.2038,-95.0351,Drought,6.2,555,13623713.65,31.7,Low
2023,Australia,-25.2418,132.8744,Hurricane/Typhoon,7.1,603,49692378.62,39.4,Low
2018,Australia,-23.5711,133.5035,Drought,6.2,750,10355980.16,33.3,Low
2017,Brazil,-12.8795,-51.4157,Drought,5.5,603,7680708.55,28.8,Low
2016,India,22.3626,79.6534,Earthquake,6.5,241,40494575.01,32.5,Low
2010,Australia,-26.4757,135.2735,Drought,6.4,538,5414407.36,31.5,Low
2013,USA,37.3209,-96.8758,Flood,5.9,1277,54402779.54,41.8,Medium
2018,China,34.7989,103.5848,Hurricane/Typhoon,8.8,1529,138285070.44,64.3,Medium
2015,Italy,42.5419,12.5209,Hurricane/Typhoon,7.4,2525,173865296.46,72.2,High
2019,USA,35.5395,-94.1864,Wildfire,6.3,507,36898341.17,34.0,Low
2022,China,34.3233,104.0489,Earthquake,6.4,763,97489057.21,43.0,Medium
2017,USA,38.6187,-94.3495,Tornado,6.7,361,12307068.48,31.6,Low
2020,Australia,-25.2401,135.3292,Wildfire,5.3,380,25958699.73,27.6,Low
2017,Australia,-25.7045,133.5378,Earthquake,9.2,324,44796449.66,44.5,Medium
2022,Japan,36.7451,136.4325,Hurricane/Typhoon,5.9,982,70861891.74,40.5,Medium
2010,UK,53.8113,-1.557,Hurricane/Typhoon,5.5,2510,103399939.44,57.4,Medium
2013,Philippines,14.0797,120.131,Wildfire,9.1,114,10926354.03,38.6,Low
2014,Germany,50.6084,9.2438,Flood,6.4,1139,31958559.49,40.2,Medium
2018,Japan,35.6955,137.9036,Hurricane/Typhoon,6.0,355,14968396.91,29.0,Low
2012,USA,38.8514,-97.2999,Earthquake,7.7,210,23933860.99,35.3,Low
2014,USA,37.6162,-94.9577,Flood,7.4,1747,77719519.5,54.8,Medium
2017,USA,38.0521,-96.63,Flood,4.3,1901,30239089.18,39.2,Low
2021,Philippines,13.0368,123.4459,Flood,6.6,1802,42784496.06,48.7,Medium
2017,China,35.1088,103.4849,Hurricane/Typhoon,5.1,1422,96033829.1,44.2,Medium
2011,USA,38.967,-95.4052,Earthquake,7.5,277,54299301.6,38.2,Low
2010,Brazil,-14.2966,-50.2893,Hurricane/Typhoon,6.0,370,36848017.82,31.4,Low
2020,Philippines,14.6758,122.8208,Wildfire,7.0,75,5836080.25,29.3,Low
2019,Japan,35.6793,138.5026,Hurricane/Typhoon,6.3,2880,283821251.5,82.4,High
2022,USA,35.767,-94.2507,Hurricane/Typhoon,6.0,878,56360316.44,38.4,Low
2013,Mexico,23.7236,-101.1914,Wildfire,5.3,555,37541126.53,30.5,Low
2021,Australia,-25.9185,132.3724,Earthquake,8.0,466,86010249.06,45.3,Medium
2012,Japan,35.0369,138.4996,Hurricane/Typhoon,7.0,2970,160808750.0,73.8,High
2014,India,20.522,79.1792,Wildfire,8.3,157,12528465.26,36.0,Low
2018,USA,35.5991,-97.6555,Hurricane/Typhoon,5.5,1108,73411731.76,40.4,Medium
2010,Canada,54.2862,-106.6433,Flood,7.6,2195,46740203.81,57.0,Medium
2018,Italy,41.5426,10.597,Flood,8.5,1310,50450202.06,52.1,Medium
2016,China,35.3465,104.7909,Flood,6.4,1037,53018302.63,41.3,Medium
2011,Canada,55.615,-105.9219,Hurricane/Typhoon,5.8,1652,157972129.33,55.5,Medium
2013,Philippines,14.2796,120.3114,Hurricane/Typhoon,8.3,340,20080835.78,38.6,Low
2023,Japan,36.082,140.2232,Flood,7.2,1016,46971745.26,43.7,Medium
2011,Brazil,-14.9059,-53.6756,Hurricane/Typhoon,5.6,1735,135643361.27,53.3,Medium
2017,Italy,41.2498,10.6165,Flood,5.3,1945,80330595.4,48.7,Medium
2011,Australia,-24.772,133.3831,Earthquake,7.9,725,75625165.72,46.4,Medium
2020,China,34.2719,103.0558,Flood,6.5,718,36517337.58,36.8,Low
2023,China,36.9242,103.5106,Wildfire,7.7,333,39182818.7,38.0,Low
2012,Philippines,13.3335,123.4069,Flood,4.0,1149,68375755.0,34.3,Low
2017,USA,38.3034,-97.124,Flood,7.9,1524,28194661.83,49.7,Medium
2021,Canada,54.6779,-105.1111,Hurricane/Typhoon,6.9,1539,107764637.21,53.8,Medium
2014,USA,37.3306,-96.2008,Earthquake,7.7,369,66655396.58,41.2,Medium
2018,Australia,-26.9572,134.1915,Flood,4.7,1337,62853233.04,38.5,Low
2021,Mexico,23.8719,-102.5896,Wildfire,8.1,495,47344992.1,42.1,Medium
2014,Japan,37.6646,139.6715,Wildfire,6.6,484,31442865.07,34.4,Low
2016,Brazil,-12.2384,-50.1624,Earthquake,6.6,60,6210019.81,27.6,Low
2023,India,19.3696,79.3048,Earthquake,9.2,309,43363577.65,44.2,Medium
2017,USA,36.1821,-95.1211,Hurricane/Typhoon,6.6,1336,75417774.26,47.3,Medium
2017,USA,37.3787,-97.5883,Wildfire,7.1,515,43425332.49,37.9,Low
2013,Germany,52.6597,11.4523,Tornado,4.2,24,1362605.51,17.2,Low
2017,Philippines,13.6926,120.4776,Tornado,4.4,71,1658764.46,18.5,Low
2018,China,34.1093,102.5799,Hurricane/Typhoon,8.9,1095,86840413.14,55.2,Medium
2012,Philippines,12.2007,122.458,Tornado,8.0,96,7136974.55,33.7,Low
2016,China,37.6372,104.2554,Drought,4.6,1467,34317272.07,36.5,Low
2013,USA,38.3902,-95.7039,Wildfire,5.4,504,26770257.39,29.3,Low
2019,China,36.6149,103.827,Hurricane/Typhoon,8.4,313,18363669.74,38.6,Low
2018,Brazil,-15.7591,-52.055,Tornado,4.4,247,6246560.15,20.7,Low
2021,Italy,40.6,10.9057,Earthquake,8.2,70,12040469.58,34.7,Low
2012,UK,54.2401,-3.9319,Flood,7.3,1210,34908747.38,44.8,Medium
2023,Philippines,14.6406,123.2283,Wildfire,8.3,367,19720183.97,38.8,Low
2011,Philippines,11.582,120.3317,Earthquake,6.8,242,27282095.27,32.3,Low
2014,Japan,38.1171,137.2874,Hurricane/Typhoon,5.4,1754,131061984.32,52.2,Medium
2022,Australia,-24.7027,133.5687,Hurricane/Typhoon,8.3,450,43640958.45,42.1,Medium
2022,China,34.4828,104.4648,Drought,4.7,1423,37308450.86,36.8,Low
2023,UK,54.1998,-2.6314,Hurricane/Typhoon,8.3,1401,63669075.49,53.6,Medium
2016,UK,54.4029,-3.5592,Flood,4.5,963,35038217.48,31.1,Low
2015,India,19.882,79.2151,Wildfire,9.1,380,37654268.35,44.0,Medium
2022,China,37.3373,102.2216,Hurricane/Typhoon,6.3,2953,278109974.05,82.5,High
2018,Japan,35.632,136.901,Hurricane/Typhoon,8.0,2098,185784781.26,71.6,High
2014,India,20.8939,78.6999,Earthquake,8.9,308,51375845.93,43.8,Medium
2023,China,35.7902,103.7946,Flood,8.2,1159,57188287.35,50.1,Medium
2010,Italy,41.8978,12.2439,Wildfire,9.3,460,42097048.83,46.0,Medium
2014,Japan,34.8655,137.4523,Hurricane/Typhoon,7.8,2446,126966304.13,68.4,Medium
2021,Canada,57.1374,-107.8204,Earthquake,9.4,142,16630021.11,40.7,Medium
2014,UK,56.576,-3.5951,Flood,4.0,804,19310708.46,26.0,Low
2023,Japan,35.4301,136.9884,Tornado,6.0,380,13179901.52,29.1,Low
2019,Philippines,14.2527,121.267,Hurricane/Typhoon,6.4,2228,162621150.2,64.1,Medium
2019,India,19.44,78.8492,Earthquake,7.6,298,51126888.76,38.5,Low
2020,USA,35.604,-94.6578,Flood,7.5,1359,70519323.26,50.6,Medium
2017,Philippines,12.5684,121.3454,Flood,6.2,310,7742631.91,28.7,Low
2023,China,36.9314,103.6665,Earthquake,8.9,675,102532785.49,52.6,Medium
2012,India,18.8991,77.8803,Hurricane/Typhoon,5.2,1536,101566521.9,46.3,Medium
2017,Australia,-24.6538,133.4728,Earthquake,7.4,542,45625126.01,39.6,Low
2018,Canada,55.8169,-107.6858,Wildfire,8.8,526,55985349.44,46.1,Medium
2017,Australia,-24.3393,134.3935,Hurricane/Typhoon,8.2,958,56657601.73,48.0,Medium
2015,Brazil,-14.694,-52.1012,Hurricane/Typhoon,8.8,1945,127100739.77,67.4,Medium
2015,USA,36.7899,-94.7417,Flood,7.6,2044,76839624.67,58.5,Medium
2018,UK,56.2181,-2.0533,Drought,3.4,466,13800445.61,19.6,Low
2022,Brazil,-14.6961,-51.2211,Flood,5.5,1256,30009089.55,37.6,Low
2018,Mexico,24.5405,-102.73,Flood,5.3,697,37676580.53,31.9,Low
2016,India,18.7903,79.3573,Earthquake,7.5,741,85613164.84,46.0,Medium
2017,Mexico,23.801,-103.8351,Earthquake,6.1,382,44205804.67,32.6,Low
2015,USA,35.5367,-94.7824,Hurricane/Typhoon,6.6,1017,45808539.37,41.2,Medium
2023,USA,37.9971,-95.1783,Hurricane/Typhoon,6.1,2176,176994790.43,63.9,Medium
2013,Japan,37.5023,139.5897,Wildfire,7.4,519,27426486.82,37.5,Low
2021,Australia,-27.1169,134.2074,Wildfire,8.7,153,11740288.18,37.5,Low
2013,Canada,54.4451,-104.6302,Wildfire,6.9,72,4527008.97,28.8,Low
2019,Philippines,13.7564,122.7407,Flood,8.1,676,34282674.66,42.6,Medium
2016,Brazil,-12.2503,-51.4577,Hurricane/Typhoon,8.2,500,31227091.6,40.9,Medium
2013,Germany,52.2029,10.1978,Wildfire,8.5,333,28341435.5,40.2,Medium
2023,USA,36.6847,-96.985,Earthquake,6.0,262,21548523.75,28.8,Low
2022,India,19.1091,78.0282,Hurricane/Typhoon,8.9,1603,73463665.53,59.0,Medium
2016,Japan,37.036,137.1342,Hurricane/Typhoon,7.9,2795,250483703.56,84.6,High
2010,China,36.3991,103.505,Earthquake,9.3,62,7511553.35,38.6,Low
2015,Australia,-23.9795,132.3771,Tornado,6.2,282,17445513.16,29.4,Low
2021,China,34.8828,102.3191,Tornado,8.4,333,16381039.6,38.6,Low
2017,Canada,54.4624,-105.348,Hurricane/Typhoon,6.2,1591,106740112.11,51.4,Medium
2021,India,19.2136,79.2997,Hurricane/Typhoon,7.3,2001,199598850.38,69.2,Medium
2022,USA,38.9834,-95.4842,Hurricane/Typhoon,5.9,2501,119802510.24,60.6,Medium
2016,China,37.2587,102.5779,Flood,8.5,1385,31907643.48,51.0,Medium
2016,Japan,37.3101,139.1878,Hurricane/Typhoon,6.6,1191,77523142.48,46.1,Medium
2020,China,35.1376,103.6427,Flood,8.0,1501,56443168.92,52.7,Medium
2022,Brazil,-15.3296,-52.3041,Wildfire,6.3,510,31103750.58,33.4,Low
2023,Italy,41.4702,10.5733,Tornado,7.4,345,10466002.83,34.1,Low
2020,Italy,41.4034,13.1724,Drought,4.6,1403,14844890.37,33.9,Low
2012,Japan,36.6388,138.2634,Flood,6.6,1874,107843089.0,55.9,Medium
2017,Australia,-26.2702,134.0472,Hurricane/Typhoon,5.4,1816,75115518.4,47.3,Medium
2010,China,37.0195,103.7474,Hurricane/Typhoon,5.8,961,64834954.63,39.3,Low
2012,Philippines,11.8273,121.6587,Wildfire,5.9,185,13044115.81,26.8,Low
2018,Italy,40.698,12.4047,Flood,6.7,1190,60516152.97,44.8,Medium
2019,Canada,56.1309,-107.8954,Hurricane/Typhoon,6.3,952,52066600.49,39.9,Low
2015,Philippines,11.1494,122.7644,Wildfire,6.8,582,69658077.57,40.0,Medium
2023,Mexico,21.9115,-102.8816,Earthquake,8.5,173,28699901.13,38.6,Low
2011,China,37.8168,105.0491,Hurricane/Typhoon,8.3,544,31322314.65,41.8,Medium
2023,India,21.8793,80.035,Earthquake,8.5,573,89108481.2,48.6,Medium
2023,India,21.7397,77.3745,Tornado,7.4,306,19955689.45,34.7,Low
2017,USA,35.7658,-96.0584,Earthquake,9.2,544,57234347.77,48.0,Medium
2011,USA,37.6581,-97.4137,Tornado,6.2,135,8831542.68,27.0,Low
2018,Australia,-24.5132,133.0926,Hurricane/Typhoon,6.0,1427,107974936.47,49.1,Medium
2017,UK,53.9621,-4.2763,Flood,5.7,1685,79399122.3,47.6,Medium
2010,Australia,-24.4067,134.0406,Earthquake,8.5,739,85269924.39,49.9,Medium
2021,Philippines,13.6503,120.3561,Earthquake,7.3,702,75359814.77,43.8,Medium
2012,Mexico,23.9629,-103.9565,Flood,5.6,2283,110829549.4,56.3,Medium
2016,Canada,55.7534,-105.8662,Flood,5.5,838,34710876.9,33.9,Low
2023,Germany,51.2533,9.9619,Drought,5.6,1175,23078233.37,36.5,Low
2020,Germany,50.6795,11.125,Flood,5.0,1045,26223177.25,33.1,Low
2012,Australia,-24.1579,134.9271,Hurricane/Typhoon,6.4,2181,161752729.76,63.6,Medium
2011,China,33.9088,105.175,Tornado,7.5,126,8124816.64,32.1,Low
2017,India,18.7214,79.4656,Drought,5.0,655,13798026.7,27.9,Low
2022,Brazil,-13.265,-50.4295,Drought,3.2,1260,25778309.66,28.0,Low
2014,Japan,37.3891,136.9807,Drought,6.4,567,13490488.69,32.6,Low
2015,India,18.7509,79.3966,Hurricane/Typhoon,5.4,1078,90552253.46,41.4,Medium
2019,Italy,43.4946,11.0902,Earthquake,6.7,299,44934104.79,34.3,Low
2021,China,35.7171,104.3377,Wildfire,6.4,124,7904976.2,27.6,Low
2016,USA,35.4235,-96.9204,Hurricane/Typhoon,5.9,2295,133104624.22,59.9,Medium
2020,USA,36.809,-94.09,Wildfire,7.0,249,22715181.36,32.8,Low
2011,China,36.8822,106.159,Earthquake,7.4,327,45489825.68,37.4,Low
2023,Japan,36.2292,138.3068,Drought,4.2,1189,17811743.21,30.5,Low
2015,Australia,-25.0249,133.0052,Hurricane/Typhoon,8.9,1046,72440548.48,53.3,Medium
2023,Australia,-23.3726,133.652,Flood,4.3,1969,89164055.37,45.8,Medium
2020,USA,38.5381,-96.3403,Wildfire,8.7,248,25919825.54,39.9,Low
2023,UK,54.2229,-3.4229,Earthquake,7.9,155,25136281.55,35.7,Low
2018,Canada,54.9712,-105.6525,Earthquake,6.7,455,79305287.56,39.3,Low
2016,Mexico,24.0705,-103.9215,Drought,6.9,1438,31498804.63,45.1,Medium
2015,India,21.4959,77.8749,Earthquake,9.3,360,44818176.85,45.3,Medium
2020,Australia,-24.3632,135.0869,Earthquake,7.1,626,79642890.52,42.6,Medium
2021,India,21.6389,78.5763,Drought,4.4,386,11386890.06,22.6,Low
2022,UK,53.4479,-2.6126,Flood,7.2,1407,73818013.13,50.3,Medium
2017,USA,36.8,-96.1804,Hurricane/Typhoon,8.0,1180,90922953.34,52.9,Medium
2023,India,19.6859,77.2577,Flood,7.3,2124,122856496.08,62.7,Medium
2018,Canada,57.2549,-106.7797,Drought,5.8,611,9533342.73,30.3,Low
2010,China,35.3601,102.5958,Hurricane/Typhoon,6.1,1813,120179169.29,54.5,Medium
2019,Australia,-25.3826,135.2934,Flood,8.4,1894,98666000.85,62.4,Medium
2011,Italy,42.2292,12.8564,Hurricane/Typhoon,6.8,1642,122105671.7,55.8,Medium
2013,UK,54.4129,-3.3059,Earthquake,6.1,119,21953957.64,27.8,Low
2020,Philippines,13.8262,123.5988,Earthquake,8.7,269,27464040.13,40.2,Medium
2020,India,20.4332,78.292,Wildfire,8.2,311,28690739.73,38.8,Low
2014,Canada,54.6911,-105.771,Hurricane/Typhoon,8.2,496,44590631.5,42.2,Medium
2013,USA,39.0486,-96.2161,Hurricane/Typhoon,9.0,2365,218490177.64,81.5,High
2021,Australia,-25.1148,132.9006,Earthquake,6.2,127,18775275.72,27.9,Low
2011,Canada,57.2524,-106.213,Wildfire,8.8,139,12534292.6,37.8,Low
2016,India,21.1907,77.7235,Flood,7.1,1334,47966881.4,46.5,Medium
2011,Italy,43.8474,11.1688,Earthquake,6.6,639,77176609.26,40.5,Medium
2022,Brazil,-13.4597,-50.6392,Hurricane/Typhoon,5.1,2654,152946907.51,62.2,Medium
2020,China,35.4198,102.2242,Earthquake,6.5,278,41734799.43,33.0,Low
2021,UK,55.4995,-2.8155,Flood,7.7,1652,91183724.43,56.4,Medium
2023,Philippines,13.1774,120.5254,Flood,5.4,613,9918402.57,28.7,Low
2011,China,37.2388,105.3079,Hurricane/Typhoon,8.8,1641,151354948.82,66.7,Medium
2017,Canada,56.7627,-107.5332,Flood,8.5,1154,65932176.7,52.1,Medium
2012,Japan,35.6214,136.7992,Tornado,6.0,202,4348137.52,26.5,Low
2021,Mexico,25.0468,-103.7157,Flood,6.0,1013,24568746.92,36.6,Low
2014,India,21.848,77.3314,Flood,8.1,2315,47403488.43,60.3,Medium
2010,Philippines,11.3514,121.7264,Hurricane/Typhoon,8.0,1597,103657552.25,58.3,Medium
2010,Japan,34.5632,138.2776,Hurricane/Typhoon,7.0,2171,88943107.67,58.6,Medium
2015,India,20.2701,80.8063,Flood,5.6,1469,77334122.03,44.8,Medium
2022,India,21.9812,78.1628,Drought,3.3,1418,37156404.87,31.1,Low
2010,Italy,39.9334,14.4169,Wildfire,9.0,96,5745744.7,37.5,Low
2014,Japan,36.4583,136.7618,Flood,7.1,359,6373386.49,32.6,Low
2015,Mexico,25.0954,-101.9062,Earthquake,7.5,211,27495135.27,34.9,Low
2015,Japan,36.2744,136.8555,Tornado,7.0,196,14257950.36,31.4,Low
2016,USA,35.7395,-95.7198,Earthquake,8.2,321,49636110.7,41.0,Medium
2012,USA,35.1933,-97.596,Hurricane/Typhoon,7.9,891,84479822.88,49.0,Medium
2013,USA,36.5981,-95.316,Hurricane/Typhoon,5.6,361,21992114.36,28.2,Low
2018,Japan,35.8795,136.5153,Drought,4.9,950,25766668.1,31.7,Low
2016,Brazil,-15.6924,-51.5069,Hurricane/Typhoon,6.2,2223,208901844.53,67.9,Medium
2019,Japan,35.4915,138.4099,Drought,5.7,297,5808071.68,26.4,Low
2020,Philippines,14.2779,120.5551,Flood,4.6,784,19717468.95,28.2,Low
2022,USA,35.4692,-96.0946,Tornado,4.5,125,4380030.27,19.7,Low
2012,Philippines,12.0744,122.6118,Hurricane/Typhoon,7.4,2417,180380774.08,71.8,High
2012,Italy,42.9096,11.0868,Hurricane/Typhoon,7.6,2673,225025488.21,79.6,High
2012,Mexico,24.6217,-101.3509,Hurricane/Typhoon,8.2,1046,42738831.81,47.5,Medium
2011,China,37.2015,103.1413,Earthquake,6.0,542,74829269.72,36.9,Low
2019,Australia,-24.7551,135.038,Hurricane/Typhoon,6.8,1179,79218914.89,46.9,Medium
2023,Japan,35.9595,139.2298,Wildfire,7.3,395,29075089.45,36.1,Low
2016,Italy,40.8911,13.788,Hurricane/Typhoon,7.2,695,55656128.96,41.3,Medium
2019,Australia,-25.1937,132.0225,Earthquake,8.2,606,57659312.47,44.6,Medium
2020,Japan,36.0297,136.6945,Hurricane/Typhoon,6.2,1723,100660803.32,52.1,Medium
2013,India,22.5272,77.2919,Tornado,6.3,213,14739940.21,28.8,Low
2017,Italy,41.9136,11.1268,Wildfire,8.5,253,25638732.25,39.1,Low
2019,India,20.9937,77.5671,Tornado,6.4,282,11776142.06,29.6,Low
2012,Japan,37.9887,138.3735,Earthquake,6.4,219,34205364.89,31.2,Low
2013,Mexico,22.535,-100.8274,Wildfire,7.4,484,53279041.25,39.8,Low
2017,Australia,-23.4338,135.5656,Earthquake,9.2,481,90066932.23,50.6,Medium
2020,India,19.1345,80.7126,Flood,5.1,2476,111581949.39,56.3,Medium
2014,Japan,37.1338,138.6259,Flood,7.4,774,16618260.29,39.0,Low
2017,Mexico,24.6884,-101.322,Drought,4.0,426,9764641.0,21.2,Low
2014,India,19.3635,80.2973,Flood,8.3,1331,28376673.96,49.3,Medium
2020,India,21.4939,79.3037,Wildfire,5.9,195,18926049.64,27.4,Low
2010,UK,53.4131,-4.9608,Earthquake,6.4,693,105206810.89,43.1,Medium
2022,Japan,35.9531,139.539,Hurricane/Typhoon,7.4,929,41084248.34,43.0,Medium
2017,Canada,57.772,-106.9745,Earthquake,9.5,440,79445209.14,50.3,Medium
2014,Japan,36.7076,137.9536,Flood,7.2,2195,107841840.37,61.5,Medium
2020,Japan,34.6122,140.2404,Hurricane/Typhoon,7.4,1785,97242436.91,57.2,Medium
2018,Mexico,23.6081,-101.7436,Hurricane/Typhoon,5.2,730,67094325.27,34.8,Low
2012,Australia,-24.3738,132.8735,Earthquake,7.8,479,76657923.3,43.7,Medium
2011,Japan,35.6266,136.3017,Wildfire,7.2,556,36416426.24,38.0,Low
2017,India,19.653,80.9492,Tornado,6.2,320,22478310.9,30.2,Low
2015,India,20.6659,80.661,Earthquake,8.1,654,118102379.33,50.8,Medium
2019,China,34.2543,102.5697,Drought,4.0,1288,30206417.99,31.9,Low
2014,Italy,41.5573,12.135,Wildfire,6.6,500,54828156.17,36.9,Low
2020,Brazil,-14.1389,-50.1592,Tornado,6.8,231,13893287.55,30.9,Low
2016,USA,37.3577,-97.6134,Drought,3.4,944,24579782.25,25.5,Low
2021,Philippines,14.2677,120.7841,Tornado,5.5,137,5013918.95,23.9,Low
2014,UK,54.668,-2.6336,Hurricane/Typhoon,8.1,957,50302658.07,47.0,Medium
2017,UK,55.5591,-4.1425,Hurricane/Typhoon,6.4,1004,91045923.51,44.7,Medium
2023,Mexico,22.9651,-102.0844,Wildfire,8.8,283,20420541.42,40.1,Medium
2014,Australia,-23.6133,132.1317,Hurricane/Typhoon,7.5,2919,149369692.38,74.1,High
2013,India,19.6487,79.7896,Earthquake,8.8,420,71640450.66,46.6,Medium
2016,Canada,55.421,-107.8941,Hurricane/Typhoon,8.6,2930,215733314.11,85.3,High
2023,Philippines,13.023,121.3619,Wildfire,5.9,142,14173955.74,26.4,Low
2017,Italy,42.5228,13.9688,Flood,5.5,1649,54176333.85,43.9,Medium
2011,Canada,54.5445,-104.5157,Tornado,8.0,160,9088832.28,34.5,Low
2013,Canada,55.4253,-107.4407,Tornado,5.1,89,5344563.89,21.8,Low
2016,Australia,-25.292,135.103,Drought,4.0,562,10569600.34,22.7,Low
2019,Mexico,22.2115,-103.3628,Drought,6.4,1089,29140131.08,39.4,Low
2015,India,20.7949,79.2323,Hurricane/Typhoon,8.4,2679,171394410.01,77.5,High
2019,Brazil,-12.6206,-52.3716,Earthquake,8.8,422,74445496.97,46.9,Medium
2014,Japan,35.6809,139.8502,Drought,4.3,831,9590412.25,26.5,Low
2021,Philippines,12.1567,123.0798,Wildfire,8.6,181,10274193.25,37.2,Low
2014,Italy,43.812,13.3934,Hurricane/Typhoon,5.4,2774,148879097.31,64.2,Medium
2010,Australia,-24.4614,135.676,Tornado,5.0,147,8004965.73,22.3,Low
2023,USA,37.5652,-95.7215,Hurricane/Typhoon,8.8,1001,41368237.87,49.3,Medium
2020,India,21.1911,80.5434,Hurricane/Typhoon,7.8,561,45396355.95,41.3,Medium
2016,USA,37.9655,-95.431,Drought,5.9,1324,26236643.94,39.5,Low
2014,Philippines,14.641,123.7148,Flood,6.0,2405,111530116.45,59.2,Medium
2010,Australia,-26.3397,134.9637,Hurricane/Typhoon,6.6,2510,248014890.38,76.3,High
2019,China,37.3109,106.0736,Flood,7.4,690,34401979.57,39.9,Low
2023,USA,35.3445,-96.0552,Flood,4.9,934,49136127.52,33.9,Low
2020,USA,38.8053,-94.7953,Earthquake,6.3,463,68931600.54,36.7,Low
2022,Canada,55.6798,-106.7097,Wildfire,5.6,401,25186518.02,28.9,Low
2021,Australia,-26.5604,133.4914,Earthquake,6.3,316,40502140.46,32.4,Low
2010,Japan,38.1425,138.782,Earthquake,8.6,586,65006233.56,46.8,Medium
2019,Italy,40.1136,12.7885,Wildfire,5.4,51,5990051.13,22.7,Low
2021,Brazil,-16.2114,-52.381,Flood,8.1,1735,93119424.58,59.1,Medium
2017,Canada,54.8839,-105.8565,Flood,5.0,1614,31252624.7,39.3,Low
2023,Philippines,11.4887,121.2667,Flood,6.0,927,35068217.87,36.8,Low
2014,Mexico,23.4104,-102.0617,Drought,6.6,346,9045857.46,30.8,Low
2022,Australia,-26.1043,133.1662,Flood,6.3,608,22735732.71,33.6,Low
2022,China,37.8494,105.87,Drought,6.7,1222,32548461.85,42.3,Medium
2013,UK,57.146,-2.7552,Flood,5.1,779,20078967.28,30.2,Low
2019,Mexico,22.3834,-102.9329,Earthquake,9.2,541,95924105.99,51.8,Medium
2022,Italy,42.7005,13.9162,Flood,6.3,1512,84723432.48,48.8,Medium
2015,Brazil,-13.4212,-51.8333,Wildfire,7.9,339,24551108.65,37.4,Low
2013,India,19.3822,80.737,Hurricane/Typhoon,6.7,637,44225585.42,37.6,Low
2020,Germany,50.4461,10.3864,Earthquake,7.7,344,59340388.15,40.2,Medium
2013,Philippines,12.9802,119.9365,Drought,4.2,1303,32519007.12,33.1,Low
2019,Brazil,-15.5366,-52.6654,Flood,4.1,1440,46541610.13,35.5,Low
2014,India,20.7411,80.255,Wildfire,7.0,570,49406979.1,38.6,Low
2020,Japan,35.6833,139.0467,Drought,3.4,480,13366618.34,19.7,Low
2022,Philippines,11.1619,120.5844,Flood,6.9,263,4480343.0,30.7,Low
2021,India,22.1913,77.4253,Earthquake,9.2,725,128786484.05,56.9,Medium
2022,Mexico,25.5676,-100.6017,Tornado,5.7,215,4877362.54,25.4,Low
2020,USA,36.0747,-95.0359,Tornado,5.9,302,18908324.41,28.5,Low
2020,Italy,41.109,14.3211,Wildfire,9.1,469,46111933.67,45.7,Medium
2023,India,20.2446,78.0723,Drought,6.3,1099,16560292.13,37.8,Low
2012,USA,37.8601,-97.5428,Wildfire,5.6,278,15272403.94,26.7,Low
2020,USA,35.7257,-94.5452,Flood,6.4,885,50850011.94,39.5,Low
2011,Japan,36.9236,139.9725,Earthquake,7.9,341,62287391.18,41.2,Medium
2020,Japan,37.244,137.8296,Tornado,4.9,54,2877389.96,20.4,Low
2020,Germany,49.6685,12.4322,Hurricane/Typhoon,5.4,1236,52260397.98,39.2,Low
2010,India,18.9244,79.7345,Flood,6.0,1719,59674887.77,47.2,Medium
2014,USA,37.478,-97.5458,Drought,6.1,487,12355669.33,30.5,Low
2022,Philippines,11.045,119.8268,Flood,7.9,1227,69304383.17,50.8,Medium
2017,India,19.3926,79.5365,Earthquake,6.5,348,48953630.36,34.4,Low
2010,Japan,36.7089,137.5936,Wildfire,5.1,501,27483257.69,28.2,Low
2019,Japan,36.3142,138.4774,Flood,8.3,432,8644951.16,38.4,Low
2015,USA,37.1622,-97.6402,Wildfire,8.3,379,28775973.05,39.9,Low
2021,USA,35.5052,-96.7754,Earthquake,8.0,446,76820579.58,44.1,Medium
2012,USA,35.9881,-95.1969,Hurricane/Typhoon,5.3,2957,264473797.17,77.2,High
2011,Germany,51.446,9.9942,Wildfire,6.7,293,28655892.85,32.6,Low
2014,China,35.2406,106.1419,Hurricane/Typhoon,8.7,927,62343894.23,50.3,Medium
2015,Italy,40.7654,11.7075,Wildfire,9.3,447,53613105.64,47.0,Medium
2021,Italy,41.3423,10.6437,Tornado,4.6,245,10932460.32,21.9,Low
2016,Italy,43.2767,14.51,Flood,6.8,1052,60368650.96,43.8,Medium
2012,India,20.2609,79.8938,Hurricane/Typhoon,6.6,1789,107819595.0,55.1,Medium
2013,China,34.3925,104.3097,Flood,7.2,997,57487244.54,44.5,Medium
2012,Philippines,14.0065,121.2237,Hurricane/Typhoon,8.4,1972,123228304.67,65.6,Medium
2022,Australia,-25.6987,133.6509,Hurricane/Typhoon,6.8,2854,184731060.07,74.2,High
2018,Japan,35.5507,139.8097,Wildfire,9.2,492,30810056.64,44.8,Medium
2015,India,21.3659,78.5039,Wildfire,6.2,209,19831314.0,28.9,Low
2018,Brazil,-13.0267,-53.3173,Earthquake,6.9,183,31387141.12,32.6,Low
2018,Germany,51.6014,11.5036,Hurricane/Typhoon,7.5,444,35773685.84,38.0,Low
2014,UK,53.713,-5.3953,Tornado,4.2,56,2172667.44,17.6,Low
2023,Italy,40.682,11.1624,Flood,7.8,1686,72574588.01,55.3,Medium
2012,Australia,-23.6519,133.5565,Earthquake,6.6,360,33184777.92,33.3,Low
2014,Brazil,-12.6267,-53.3119,Hurricane/Typhoon,7.1,2832,182892807.05,75.0,High
2023,Brazil,-13.7153,-51.1205,Earthquake,9.0,305,60126165.01,45.1,Medium
2017,China,34.4466,103.9696,Wildfire,5.6,440,36562643.1,30.5,Low
2022,Germany,52.2286,10.7947,Drought,4.4,1003,21762917.56,29.8,Low
2014,Japan,37.776,140.1312,Drought,5.3,795,23656263.25,31.5,Low
2021,Italy,40.1456,11.0998,Earthquake,7.4,203,18943273.43,33.5,Low
2023,Canada,57.9717,-107.5515,Hurricane/Typhoon,6.2,640,39220935.04,35.1,Low
2015,Canada,56.109,-105.8526,Hurricane/Typhoon,9.0,1795,163479929.35,70.3,High
2022,Japan,35.321,138.3317,Drought,5.0,441,4868737.64,24.9,Low
2011,Japan,35.4265,138.0457,Hurricane/Typhoon,5.2,2989,201713416.5,70.9,High
2017,USA,37.2951,-97.1874,Drought,5.5,1274,13229525.81,36.1,Low
2011,India,22.2081,78.4801,Flood,7.0,1736,52259799.35,50.6,Medium
2012,Mexico,25.0445,-101.4135,Hurricane/Typhoon,6.4,1718,142846591.39,57.1,Medium
2022,Brazil,-14.2747,-52.8533,Drought,6.7,273,7127894.44,30.2,Low
2013,Italy,43.3159,14.1433,Flood,4.6,638,16545411.09,26.4,Low
2023,Japan,34.4598,138.5376,Flood,4.4,508,7840490.28,23.5,Low
2020,USA,38.3179,-94.2294,Hurricane/Typhoon,5.6,2864,280496322.75,79.1,High
2021,Canada,56.654,-107.0164,Wildfire,7.8,107,10624065.75,33.3,Low
2020,Japan,37.1843,136.5746,Flood,8.3,215,7413978.63,36.1,Low
2016,Philippines,11.7109,122.6379,Earthquake,8.2,247,33869947.41,38.7,Low
2023,Japan,38.1517,138.6718,Flood,5.3,450,15710955.65,27.3,Low
2022,Germany,49.4782,12.3468,Earthquake,9.1,639,125708454.57,55.4,Medium
2018,Philippines,13.6815,120.0731,Flood,5.4,1132,25253856.98,35.4,Low
2015,China,36.2292,104.5962,Hurricane/Typhoon,6.1,2047,112701654.28,56.1,Medium
2011,Australia,-26.3069,131.7979,Tornado,7.1,154,10049705.15,30.9,Low
2022,USA,35.3411,-96.3331,Wildfire,7.8,490,27242340.28,38.8,Low
2016,UK,56.2344,-5.382,Wildfire,5.4,420,41523433.74,30.0,Low
2010,China,37.6972,104.4668,Wildfire,6.4,416,42412649.88,34.0,Low
2014,Germany,51.1588,11.5036,Earthquake,9.5,244,26199108.5,43.1,Medium
2018,Japan,36.9635,137.8889,Tornado,5.5,216,10328565.2,25.2,Low
2011,Italy,41.6787,11.1283,Wildfire,6.9,75,8335149.24,29.2,Low
2017,UK,54.8958,-1.949,Flood,5.6,1979,100160910.13,52.2,Medium
2015,China,34.5511,104.5617,Flood,4.4,1802,65327851.94,42.2,Medium
2020,Australia,-26.479,133.7593,Flood,7.7,2450,67363072.89,62.0,Medium
2021,Japan,36.6273,138.2465,Hurricane/Typhoon,8.4,2296,225343204.16,79.1,High
2020,USA,38.9358,-97.4424,Earthquake,7.7,346,33554158.06,37.6,Low
2014,Germany,51.1369,9.3156,Hurricane/Typhoon,8.8,2886,142903591.01,78.4,High
2019,China,36.5962,103.906,Flood,4.6,1354,41093054.9,36.0,Low
2016,India,21.3441,77.4725,Hurricane/Typhoon,6.9,372,24858785.61,33.8,Low
2023,India,19.4278,78.2648,Flood,7.9,1480,64415837.11,52.8,Medium
2020,Italy,41.7748,11.6821,Earthquake,8.8,765,79043879.45,50.8,Medium
2015,USA,36.3773,-95.1793,Drought,3.9,1314,29154693.42,31.7,Low
2011,Mexico,22.6264,-102.2968,Tornado,5.4,58,2496818.83,22.4,Low
2020,USA,36.3766,-95.5931,Hurricane/Typhoon,8.6,1389,61137566.76,54.4,Medium
2013,India,19.3627,80.0398,Wildfire,6.6,110,9147851.4,28.4,Low
2017,Japan,34.2122,137.6747,Hurricane/Typhoon,7.2,1417,138015881.63,56.8,Medium
2010,Germany,50.4167,11.9829,Flood,7.6,970,56354726.62,45.7,Medium
2019,China,34.3414,105.1237,Wildfire,5.9,566,39490916.95,33.2,Low
2018,UK,55.062,-2.1557,Flood,5.2,790,22376474.92,30.9,Low
2015,USA,37.666,-96.0243,Earthquake,8.7,201,26854044.5,39.5,Low
2019,India,19.2179,78.7366,Earthquake,9.3,516,58366789.93,48.2,Medium
2013,Philippines,12.6833,120.4216,Flood,8.3,707,12272853.13,41.5,Medium
2020,Australia,-25.3616,132.337,Tornado,5.7,23,1327868.67,23.2,Low
2011,China,35.4422,103.4964,Tornado,4.2,154,6073890.85,18.9,Low
2020,Philippines,11.0275,121.8168,Wildfire,8.2,558,30395070.87,41.4,Medium
2023,USA,35.6963,-95.6189,Drought,3.9,837,24646627.33,26.4,Low
2017,Australia,-25.6194,134.7734,Hurricane/Typhoon,7.2,2449,159138897.71,69.2,Medium
2021,UK,56.1483,-3.2376,Flood,4.9,851,17178466.11,29.8,Low
2014,Italy,40.913,11.5171,Hurricane/Typhoon,7.2,514,40387114.93,38.0,Low
2020,Philippines,12.7848,119.9387,Wildfire,9.3,190,16157765.53,40.7,Medium
2016,Australia,-24.2461,134.4511,Flood,7.4,2216,35584729.91,55.3,Medium
2011,Philippines,12.5298,120.0418,Flood,4.2,1140,46994520.22,32.9,Low
2012,USA,37.8973,-95.3837,Earthquake,9.1,218,27830267.78,41.4,Medium
2010,Japan,34.2294,138.7607,Hurricane/Typhoon,6.1,1833,129506541.03,55.7,Medium
2010,Japan,35.0063,138.6805,Earthquake,7.1,316,40168622.15,35.6,Low
2014,China,35.6666,103.9722,Drought,5.7,930,13105375.14,33.4,Low
2017,USA,36.6398,-97.2831,Drought,3.8,1267,31312702.05,31.0,Low
2011,Australia,-24.511,132.6274,Hurricane/Typhoon,6.2,2199,95133255.15,56.3,Medium
2011,China,36.1274,105.7275,Earthquake,7.8,367,29904349.2,37.9,Low
2013,Mexico,25.0714,-103.7246,Drought,4.6,770,14751418.74,27.6,Low
2018,India,21.6054,80.6433,Hurricane/Typhoon,7.4,1317,58817809.38,48.7,Medium
2012,USA,35.0911,-97.5852,Flood,4.1,1323,75222041.5,37.2,Low
2016,Australia,-25.7443,134.0424,Flood,4.2,1081,47628584.57,32.4,Low
2017,Canada,57.0974,-106.8487,Earthquake,8.3,354,61048447.76,42.8,Medium
2015,Italy,41.0782,11.6109,Drought,6.5,519,6438973.72,31.8,Low
2020,China,37.6697,105.3611,Tornado,8.2,99,2065203.58,34.0,Low
2021,USA,36.0292,-94.2308,Hurricane/Typhoon,7.2,1406,58143072.83,48.7,Medium
2021,Brazil,-15.9769,-51.1528,Flood,5.8,1745,28522749.46,43.5,Medium
2018,Germany,52.4818,10.0997,Drought,5.3,190,4395118.1,23.5,Low
2016,Canada,57.6355,-105.5004,Wildfire,5.9,323,16701975.11,28.5,Low
2019,Australia,-23.782,132.7093,Hurricane/Typhoon,5.0,2963,126364205.56,62.3,Medium
2021,Brazil,-12.802,-51.6842,Wildfire,8.6,98,6865507.37,36.1,Low
2021,USA,36.5592,-94.4271,Hurricane/Typhoon,6.5,1820,152100887.43,59.4,Medium
2012,Brazil,-14.9472,-51.3627,Hurricane/Typhoon,7.3,1824,124121468.23,59.9,Medium
2016,Australia,-26.1002,135.0269,Wildfire,7.2,467,35129150.2,37.0,Low
2020,India,20.9986,80.4991,Earthquake,7.3,527,70666615.41,41.5,Medium
2011,Brazil,-13.5086,-50.361,Earthquake,9.2,690,67210180.81,50.4,Medium
2023,Australia,-24.7392,134.7492,Tornado,6.6,115,7990329.98,28.3,Low
2017,India,21.8838,80.4829,Drought,5.2,1164,14056820.51,33.8,Low
2019,USA,38.828,-95.0515,Flood,5.0,1571,58147579.54,41.5,Medium
2016,Australia,-23.9241,133.2633,Drought,5.1,904,13000811.32,30.7,Low
2014,India,20.222,79.9663,Flood,6.9,2058,45289486.42,52.7,Medium
2010,Philippines,13.8833,122.6348,Tornado,8.4,65,3231291.37,34.6,Low
2021,Italy,42.6497,11.7862,Wildfire,6.4,264,23215547.99,30.6,Low
2015,USA,38.348,-97.616,Flood,4.5,960,50154765.24,32.6,Low
2013,Philippines,11.1381,121.5804,Flood,8.3,1850,28629823.68,54.6,Medium
2017,China,35.2327,103.6897,Earthquake,8.2,539,84206003.79,46.6,Medium
2017,China,36.5765,106.0981,Hurricane/Typhoon,6.4,1347,110505038.06,50.1,Medium
2013,Mexico,23.165,-102.3939,Flood,7.1,1637,94472094.93,54.2,Medium
2023,Philippines,14.8486,121.2899,Drought,6.0,277,5400789.7,27.3,Low
2015,Brazil,-15.8981,-51.0229,Wildfire,9.2,515,39443632.73,45.9,Medium
2011,Australia,-24.8556,133.6471,Earthquake,7.9,770,140568938.67,53.4,Medium
2020,Japan,35.8424,136.2912,Flood,7.9,315,17986253.76,36.5,Low
2015,India,20.5983,78.8127,Wildfire,6.7,598,57263978.97,38.5,Low
2018,USA,37.4326,-94.9171,Hurricane/Typhoon,8.6,1501,136911168.9,63.1,Medium
2020,USA,37.4945,-96.0031,Wildfire,9.4,128,8184142.8,39.7,Low
2015,Germany,49.1828,11.553,Tornado,8.1,202,4571761.07,34.9,Low
2010,Japan,35.5603,138.9821,Tornado,5.0,237,16235711.21,24.0,Low
2016,Canada,54.5944,-107.6823,Flood,8.4,296,10275455.96,37.6,Low
2014,India,21.3857,77.0422,Hurricane/Typhoon,7.8,2900,210566325.44,81.3,High
2013,India,18.7241,78.7052,Wildfire,5.3,139,9506806.36,23.5,Low
2011,Canada,55.5606,-106.7347,Drought,6.6,381,4732102.89,30.7,Low
2023,Japan,36.4817,138.9086,Hurricane/Typhoon,9.0,1829,134325616.36,67.7,Medium
2023,Germany,53.0435,11.0751,Hurricane/Typhoon,5.5,462,24917922.68,29.1,Low
2017,USA,35.6229,-94.9041,Flood,4.3,249,4998392.69,20.2,Low
2011,China,36.2023,102.2254,Tornado,4.6,134,9599108.91,20.7,Low
2020,Mexico,22.3847,-102.651,Hurricane/Typhoon,5.4,1888,138167526.64,54.3,Medium
2013,China,37.2948,102.4737,Wildfire,8.9,198,21836030.68,39.8,Low
2020,USA,37.1435,-93.7606,Hurricane/Typhoon,6.0,1993,180139809.91,61.9,Medium
2020,India,19.4914,78.0099,Flood,5.9,1512,75794201.25,46.3,Medium
2019,USA,37.7766,-93.9869,Earthquake,8.1,280,47553245.82,40.0,Medium
2010,USA,37.5496,-94.5481,Tornado,6.9,396,23015784.23,33.9,Low
2010,Japan,36.285,138.2385,Flood,6.7,1909,34333420.22,49.3,Medium
2022,USA,38.6566,-97.1277,Hurricane/Typhoon,6.5,1910,108583516.67,56.0,Medium
2015,China,37.8067,103.5559,Tornado,6.7,167,11910896.61,29.7,Low
2013,India,20.5412,79.9897,Tornado,6.7,296,22320543.03,32.0,Low
2012,China,36.504,104.486,Hurricane/Typhoon,5.4,2305,227073845.79,67.4,Medium
2022,Brazil,-13.7645,-53.6683,Hurricane/Typhoon,8.7,1483,112212721.14,60.9,Medium
2019,Japan,37.9073,137.5467,Flood,4.9,1454,34362519.16,37.6,Low
2013,Australia,-24.5656,132.8841,Hurricane/Typhoon,7.7,1071,92211861.06,50.7,Medium
2011,Italy,40.4271,13.6396,Earthquake,8.4,420,69516100.28,44.8,Medium
2023,Brazil,-15.4121,-52.0692,Hurricane/Typhoon,5.5,1493,116925372.29,48.6,Medium
2022,Japan,37.3598,139.5716,Flood,6.9,2235,71240486.56,57.1,Medium
2018,India,21.4582,80.6899,Hurricane/Typhoon,6.4,1343,102550171.14,49.3,Medium
2013,Japan,38.0661,139.5025,Drought,3.0,486,12752554.31,18.1,Low
2019,Japan,36.1802,139.989,Hurricane/Typhoon,8.3,2393,177194993.75,74.8,High
2013,Japan,34.404,137.9608,Drought,5.4,1075,20149202.93,34.4,Low
2023,Australia,-26.7111,132.2617,Wildfire,9.5,92,10055805.15,39.9,Low
2023,Australia,-25.076,132.8437,Wildfire,9.2,483,31077423.54,44.7,Medium
2013,Italy,42.1363,10.5994,Earthquake,8.2,333,37996156.57,39.9,Low
2015,Japan,35.0818,138.6646,Wildfire,9.2,412,44847749.01,45.4,Medium
2022,Japan,36.4148,137.5169,Flood,7.6,1769,42706055.95,52.4,Medium
2012,China,37.6779,102.5547,Wildfire,9.4,326,34773938.61,44.3,Medium
2022,USA,36.0748,-96.0844,Flood,6.7,910,51226765.58,41.0,Medium
2019,Australia,-27.2573,134.4546,Hurricane/Typhoon,8.4,1883,125727744.93,65.0,Medium
2010,Japan,37.5891,137.8841,Hurricane/Typhoon,5.6,1874,170599932.75,58.2,Medium
2014,Philippines,10.9621,122.8302,Flood,7.0,1988,100456520.79,57.9,Medium
2023,Brazil,-14.9417,-51.9239,Hurricane/Typhoon,8.4,2784,145681638.86,76.0,High
2012,USA,35.3994,-94.3622,Wildfire,5.8,463,29863112.81,30.8,Low
2012,Australia,-25.6496,132.7651,Earthquake,6.8,664,123057571.56,46.1,Medium
2018,Canada,56.876,-106.0868,Hurricane/Typhoon,5.3,389,24636222.96,27.6,Low
2014,Australia,-25.7461,133.7338,Wildfire,9.1,141,11366766.34,38.9,Low
2022,Australia,-26.1935,135.4164,Earthquake,6.6,274,49987911.58,34.1,Low
2012,China,36.2564,105.4306,Tornado,8.4,196,4484227.47,36.0,Low
2011,Japan,37.0284,136.885,Hurricane/Typhoon,7.2,1325,59300801.22,48.0,Medium
2020,Canada,55.9424,-107.1674,Tornado,5.3,105,3543258.6,22.6,Low
2023,Australia,-25.188,132.6973,Flood,4.2,920,25733259.88,28.6,Low
2010,Germany,50.8531,9.1217,Flood,8.3,515,9286580.24,39.3,Low
2012,USA,38.3592,-96.9951,Flood,6.1,1711,81348438.14,49.6,Medium
2010,Japan,37.9286,137.2326,Flood,7.8,1315,50096326.67,49.4,Medium
2015,USA,37.108,-97.4826,Flood,4.2,838,44492914.58,29.6,Low
2022,Japan,36.6359,137.7188,Wildfire,7.1,515,32063977.45,36.8,Low
2022,USA,36.0829,-95.1495,Wildfire,5.3,436,25947797.79,28.2,Low
2013,Australia,-25.1544,133.7298,Wildfire,7.5,463,51955771.33,39.8,Low
2019,India,21.1794,79.0386,Wildfire,7.6,464,47612983.38,39.8,Low
2015,Brazil,-14.5993,-51.9074,Hurricane/Typhoon,8.2,1147,50932562.89,49.4,Medium
2010,Canada,57.4978,-107.8779,Drought,4.5,713,12457869.91,26.4,Low
2012,Australia,-26.4752,131.8342,Hurricane/Typhoon,7.6,902,60430776.32,45.5,Medium
2014,China,36.895,102.7494,Wildfire,6.8,195,9973560.31,30.1,Low
2010,Japan,35.9561,138.1971,Hurricane/Typhoon,6.9,1138,77154076.56,46.7,Medium
2012,India,18.7954,80.7509,Tornado,8.2,161,6833184.3,35.1,Low
2021,India,22.2276,80.5082,Tornado,4.4,160,6605834.09,19.9,Low
2016,Germany,51.0684,12.1859,Tornado,6.2,190,7578557.03,27.5,Low
2018,Australia,-25.2431,131.8142,Flood,7.3,2500,67830968.61,61.0,Medium
2011,USA,35.9648,-95.6256,Flood,5.8,2085,63825308.26,50.4,Medium
2021,Australia,-25.7981,134.9749,Hurricane/Typhoon,8.5,2296,151546310.41,72.1,High
2011,Germany,51.8253,10.642,Wildfire,7.3,207,23868410.47,33.7,Low
2017,India,21.2325,78.7194,Wildfire,6.2,195,20152784.64,28.8,Low
2017,Japan,36.6675,137.353,Flood,4.2,249,14419635.99,20.7,Low
2022,Japan,36.4772,137.9204,Tornado,4.7,290,15686450.82,23.3,Low
2015,Canada,54.9725,-104.3759,Flood,4.2,2176,109704230.01,49.5,Medium
2018,Japan,37.8605,136.9124,Wildfire,5.5,520,55545507.93,32.8,Low
2019,Australia,-24.3583,133.2585,Hurricane/Typhoon,8.8,2663,195768088.67,81.4,High
2011,Italy,43.1275,11.8824,Wildfire,7.4,582,56909182.32,41.1,Medium
2017,Mexico,24.7432,-103.5688,Tornado,6.0,149,5913693.4,26.1,Low
2018,Germany,51.1555,11.3471,Hurricane/Typhoon,8.8,1530,134793654.72,64.0,Medium
2013,Japan,37.4963,138.4701,Tornado,5.0,137,6556937.09,22.0,Low
2019,Japan,34.5944,138.4188,Earthquake,8.6,479,70886608.56,46.3,Medium
2010,Australia,-26.3,134.2622,Drought,5.7,742,21163687.65,32.3,Low
2021,USA,36.7137,-95.9813,Hurricane/Typhoon,8.9,1667,160458154.04,68.3,Medium
2022,USA,36.0327,-94.1936,Hurricane/Typhoon,8.8,2710,143201045.5,76.6,High
2023,India,19.5304,77.9329,Tornado,5.5,316,12522629.36,26.4,Low
2020,India,18.9215,77.2884,Wildfire,5.0,488,41228871.88,29.0,Low
2018,USA,38.9702,-94.4776,Hurricane/Typhoon,9.0,308,21027926.46,41.2,Medium
2014,USA,36.2557,-94.3357,Wildfire,9.1,415,40098991.63,44.6,Medium
2017,USA,35.7509,-96.4709,Flood,8.5,537,31934482.51,42.6,Medium
2020,China,37.1457,102.959,Flood,5.8,2208,43805022.49,49.7,Medium
2010,China,36.3217,104.2943,Tornado,5.3,43,2052828.34,21.8,Low
2010,Mexico,22.2596,-101.4457,Hurricane/Typhoon,7.0,1216,98911776.74,50.1,Medium
2017,USA,38.4986,-95.05,Wildfire,8.6,417,48630256.7,43.4,Medium
2023,Australia,-24.656,135.0286,Hurricane/Typhoon,8.7,1566,125241354.07,63.0,Medium
2016,Japan,36.0451,139.0629,Flood,4.3,682,14762298.29,25.5,Low
2016,Canada,54.6344,-105.4489,Earthquake,7.2,377,56366188.6,38.2,Low
2020,Philippines,12.6113,120.2605,Hurricane/Typhoon,8.8,2561,214516600.8,82.3,High
2011,Australia,-24.4336,135.3524,Wildfire,6.6,450,28531891.02,33.8,Low
2017,USA,35.2155,-94.2977,Earthquake,6.7,559,75811844.75,40.0,Medium
2021,Canada,57.2649,-104.8897,Hurricane/Typhoon,8.3,2029,161314202.12,69.6,Medium
2017,Canada,57.1361,-104.8675,Flood,7.9,872,50526322.82,45.4,Medium
2011,India,20.5376,80.9135,Flood,8.0,1183,45043078.12,48.3,Medium
2011,Germany,50.2714,9.259,Flood,4.2,237,10290352.36,20.2,Low
2015,Philippines,14.0708,121.2621,Flood,6.2,2252,54221618.56,52.7,Medium
2019,USA,37.8114,-94.2789,Wildfire,6.2,450,50521970.68,34.4,Low
2012,Canada,56.5799,-105.8911,Hurricane/Typhoon,8.8,461,31023986.16,42.9,Medium
2011,Philippines,13.0585,121.9252,Wildfire,5.2,390,19989076.82,26.7,Low
2012,China,37.7203,102.4412,Tornado,5.9,247,18487039.15,27.9,Low
2014,China,34.7838,103.4507,Hurricane/Typhoon,6.8,1529,142947420.6,56.8,Medium
2019,Mexico,24.8969,-101.8763,Hurricane/Typhoon,6.6,317,22774728.4,31.8,Low
2020,USA,38.898,-95.913,Earthquake,7.5,127,22388441.54,33.5,Low
2019,Australia,-24.0123,133.9562,Hurricane/Typhoon,7.0,2921,254943799.65,82.7,High
2018,UK,56.0233,-3.4435,Hurricane/Typhoon,7.1,2562,146683283.31,68.7,Medium
2021,USA,36.0293,-93.7529,Hurricane/Typhoon,6.3,2532,200955096.68,70.6,High
2015,USA,36.808,-96.3949,Flood,6.2,607,12652603.29,32.1,Low
2016,Philippines,11.9028,122.3998,Wildfire,6.9,486,31243255.0,35.6,Low
2019,Japan,34.5904,139.977,Earthquake,7.9,611,95733137.34,47.3,Medium
2018,USA,35.7123,-97.2242,Drought,6.8,235,6009724.89,30.2,Low
2014,UK,57.1475,-1.5694,Flood,6.0,697,26152024.32,33.6,Low
2017,Mexico,23.7684,-102.5069,Hurricane/Typhoon,7.5,641,39341723.5,40.3,Medium
2018,USA,35.7956,-94.4836,Hurricane/Typhoon,6.0,374,35401043.32,31.3,Low
2019,China,37.7377,105.2559,Drought,3.6,800,10565437.26,23.5,Low
2016,Mexico,23.7692,-102.6352,Drought,5.5,161,2705382.1,23.9,Low
2011,India,21.617,77.3743,Hurricane/Typhoon,8.2,1169,58510064.13,50.3,Medium
2022,China,35.7937,104.5354,Wildfire,9.4,282,30573250.41,43.5,Medium
2021,Canada,57.2531,-106.1102,Hurricane/Typhoon,6.3,1810,94023680.23,52.7,Medium
2011,USA,36.9016,-97.6951,Earthquake,9.5,431,68031634.18,49.1,Medium
2023,India,21.9401,80.8383,Tornado,4.4,59,3285055.66,18.5,Low
2020,Brazil,-15.764,-53.3769,Hurricane/Typhoon,9.0,1695,79978884.68,60.9,Medium
2020,Mexico,24.7746,-101.9977,Flood,6.4,1943,54802915.9,50.5,Medium
2022,Mexico,21.8497,-103.3492,Drought,3.5,628,16525108.49,21.9,Low
2018,Canada,55.2527,-104.9411,Drought,6.9,845,9719387.07,37.0,Low
2021,Australia,-26.0707,131.8609,Drought,4.3,290,7943128.33,20.9,Low
2023,Canada,56.5416,-104.9337,Earthquake,6.3,320,55091153.14,33.9,Low
2013,Australia,-26.7751,134.0756,Hurricane/Typhoon,5.3,501,28352037.82,29.0,Low
2016,Mexico,23.8308,-102.3848,Tornado,7.7,291,22148754.52,35.9,Low
2017,Italy,42.0543,14.1853,Wildfire,5.5,463,47532105.58,31.4,Low
2013,USA,38.7654,-96.0293,Wildfire,6.2,103,6136988.68,26.4,Low
2016,USA,38.8688,-97.694,Tornado,4.2,194,8605708.35,19.6,Low
2015,USA,35.7252,-93.9514,Tornado,5.1,181,5448604.71,22.8,Low
2023,China,36.1361,105.6568,Hurricane/Typhoon,5.1,1194,99967553.62,42.3,Medium
2017,USA,38.0414,-94.4213,Wildfire,6.1,467,23522815.36,31.4,Low
2016,Brazil,-15.1367,-50.7414,Wildfire,5.8,293,15867712.76,27.7,Low
2016,Japan,36.8675,137.0199,Hurricane/Typhoon,6.4,1956,192515954.5,64.4,Medium
2021,India,20.9033,78.0374,Hurricane/Typhoon,8.6,2021,111761213.28,65.8,Medium
2011,China,33.8658,102.6484,Hurricane/Typhoon,8.0,825,61542492.64,46.4,Medium
2015,Mexico,23.9508,-100.6813,Flood,7.2,1145,68604420.03,47.1,Medium
2016,Philippines,13.795,122.5063,Flood,5.0,661,27005725.16,29.3,Low
2015,China,36.7289,105.5099,Flood,4.5,1045,36698678.54,32.1,Low
2020,USA,37.6819,-97.217,Earthquake,9.4,437,69545240.74,48.9,Medium
2014,Philippines,12.6436,120.5762,Hurricane/Typhoon,5.8,1746,89534952.59,49.6,Medium
2015,China,37.6471,103.1611,Hurricane/Typhoon,6.1,500,27563337.91,32.2,Low
2012,India,19.2244,80.0856,Tornado,7.4,278,10381736.01,33.4,Low
2020,India,22.1152,77.5228,Earthquake,7.5,64,8754436.86,31.5,Low
2017,UK,53.6312,-3.6123,Earthquake,6.8,255,41465985.67,33.9,Low
2011,Australia,-25.3627,133.3324,Flood,5.0,746,11765583.62,28.6,Low
2011,Japan,36.1436,137.1255,Drought,5.0,396,4829809.24,24.4,Low
2023,Philippines,12.9581,122.5296,Earthquake,8.3,367,62231585.03,43.1,Medium
2011,USA,37.3586,-94.1708,Flood,5.3,1200,58917793.73,39.1,Low
2011,China,36.0838,104.6444,Wildfire,7.4,237,22260545.78,34.2,Low
2016,Canada,54.1435,-104.5055,Earthquake,8.4,617,80436524.88,47.8,Medium
2011,Australia,-25.3459,132.5195,Wildfire,8.2,485,32777143.83,40.9,Medium
2021,Mexico,23.9748,-102.0346,Wildfire,9.3,415,23541412.53,43.7,Medium
2021,Germany,49.9451,9.4295,Flood,5.5,2130,104693107.66,53.8,Medium
2015,Brazil,-14.2574,-52.1967,Hurricane/Typhoon,7.8,722,53362686.25,43.8,Medium
2022,USA,36.7329,-97.5345,Hurricane/Typhoon,7.1,597,27555675.04,37.1,Low
2012,Canada,56.3243,-105.4663,Flood,5.0,1719,33277310.16,40.5,Medium
2018,Japan,37.8728,137.8866,Drought,5.6,1021,28447157.89,35.5,Low
2010,USA,38.7843,-95.2629,Flood,5.1,2399,116564526.66,56.0,Medium
2019,Canada,55.0948,-106.436,Earthquake,6.6,762,127589090.29,46.8,Medium
2018,Canada,56.0882,-104.371,Wildfire,9.0,152,8543876.37,38.4,Low
2018,China,37.5592,103.3007,Hurricane/Typhoon,6.4,1761,150036571.81,58.2,Medium
2015,Brazil,-15.5728,-50.9644,Drought,5.3,1466,22730562.55,38.1,Low
2020,Japan,34.8278,139.1999,Wildfire,5.9,264,16852473.44,27.9,Low
2011,Australia,-27.0249,133.5679,Hurricane/Typhoon,5.1,1136,70430346.85,38.8,Low
2016,Philippines,13.9144,123.109,Hurricane/Typhoon,7.8,951,65071036.82,47.2,Medium
2015,USA,36.5881,-95.5779,Wildfire,9.0,161,9006003.78,38.5,Low
2023,Japan,34.4929,137.9102,Hurricane/Typhoon,7.8,980,54849037.95,46.5,Medium
2020,Brazil,-14.01,-51.2114,Drought,6.7,1299,38564907.48,43.6,Medium
2022,Italy,40.4996,14.5489,Hurricane/Typhoon,7.3,2139,140089909.97,64.6,Medium
2016,China,37.0389,103.3067,Earthquake,6.7,70,7248665.05,28.2,Low
2023,Australia,-24.1798,133.6295,Flood,6.6,719,39931385.06,37.6,Low
2021,Japan,37.0011,140.0483,Flood,6.2,753,13085202.1,33.6,Low
2010,Japan,37.7032,139.4458,Flood,4.2,2426,132942242.08,54.4,Medium
2014,Japan,36.4091,137.6064,Hurricane/Typhoon,6.0,1660,121071180.03,52.7,Medium
2019,Mexico,21.8061,-102.588,Tornado,4.6,122,7555036.8,20.4,Low
2014,USA,35.6813,-95.9406,Hurricane/Typhoon,7.5,628,52918085.06,41.6,Medium
2015,Australia,-26.6115,132.8752,Tornado,4.1,15,1002042.8,16.7,Low
2011,UK,56.1335,-1.9785,Wildfire,5.4,218,22460343.06,26.0,Low
2019,Mexico,23.9734,-104.2195,Flood,8.3,602,20921942.68,41.3,Medium
2018,Italy,42.4602,10.789,Hurricane/Typhoon,8.9,405,33677177.41,43.0,Medium
2013,Canada,55.3814,-105.6513,Wildfire,7.3,346,35526260.44,36.2,Low
2012,Japan,34.5402,139.5011,Hurricane/Typhoon,7.3,2252,128884275.39,64.6,Medium
2020,Brazil,-13.1581,-53.3177,Tornado,5.3,328,22073938.0,26.7,Low
2017,Australia,-25.3945,133.7986,Hurricane/Typhoon,5.2,500,20083867.68,27.8,Low
2013,Japan,35.1825,137.6314,Earthquake,7.3,578,65319501.21,41.5,Medium
2023,USA,36.6009,-97.2182,Hurricane/Typhoon,8.2,2395,128541290.91,69.6,Medium
2011,Australia,-24.6247,133.2348,Tornado,7.5,202,12882748.18,33.3,Low
2015,Brazil,-16.0725,-52.0409,Hurricane/Typhoon,6.0,2766,252706011.63,76.9,High
2023,Brazil,-13.7576,-50.7739,Flood,6.8,2353,54858993.19,56.2,Medium
2018,USA,36.1612,-97.5221,Flood,5.8,2365,48699844.68,51.7,Medium
2015,Brazil,-14.1128,-53.9001,Hurricane/Typhoon,6.0,2936,148698724.07,68.2,Medium
2011,Canada,56.1238,-104.6164,Hurricane/Typhoon,6.5,1068,76574828.96,44.3,Medium
2022,USA,36.1612,-97.0906,Flood,7.1,1408,67118701.77,49.2,Medium
2014,Brazil,-13.6493,-51.2521,Earthquake,7.0,71,7747942.21,29.5,Low
2019,India,21.458,78.433,Wildfire,7.4,269,15410069.13,33.8,Low
2013,Canada,55.1374,-106.4921,Flood,5.8,1796,39602231.93,45.1,Medium
2022,Canada,55.6247,-107.1776,Tornado,4.8,127,8034965.83,21.3,Low
2016,India,20.7639,77.7078,Flood,7.9,295,13301519.57,35.9,Low
2023,India,19.8209,80.1284,Tornado,6.3,281,14137947.44,29.4,Low
2018,Italy,42.9581,13.4831,Earthquake,7.9,562,79944291.36,45.2,Medium
2022,Mexico,22.7317,-101.648,Flood,6.7,452,20482606.14,33.4,Low
2023,Australia,-26.1112,134.3263,Drought,4.2,519,14703123.72,23.5,Low
2019,Japan,37.2602,137.6703,Tornado,5.2,171,12484507.35,23.8,Low
2019,USA,38.0038,-94.4832,Tornado,4.4,374,20940750.42,23.4,Low
2020,Brazil,-13.345,-50.7705,Hurricane/Typhoon,7.4,1113,60620412.4,46.8,Medium
2020,USA,37.8051,-95.7397,Flood,6.9,1124,18843299.75,40.7,Medium
2018,India,18.729,77.2674,Flood,7.4,2268,84709772.77,60.8,Medium
2010,Canada,58.0957,-107.9588,Drought,6.4,1231,30043443.05,40.9,Medium
2019,Brazil,-16.1965,-50.274,Flood,4.1,320,13239700.07,20.9,Low
2020,Australia,-25.6099,133.969,Tornado,6.4,16,554610.4,25.8,Low
2023,India,20.4791,79.7714,Earthquake,7.0,660,62280314.89,40.8,Medium
2021,Philippines,12.532,119.7823,Hurricane/Typhoon,5.9,1806,138311710.84,55.5,Medium
2014,Australia,-23.7265,132.075,Hurricane/Typhoon,8.2,2454,192288835.19,76.6,High
2010,Brazil,-15.7946,-52.751,Flood,6.4,1604,84551548.27,50.1,Medium
2012,China,36.8861,103.8191,Flood,7.3,1083,45806107.73,44.6,Medium
2014,Germany,49.454,10.2552,Earthquake,7.5,144,15928945.86,33.0,Low
2021,USA,38.0741,-94.7871,Flood,6.4,375,19624214.37,31.3,Low
2022,China,36.9721,103.54,Hurricane/Typhoon,6.6,2083,204086660.12,67.6,Medium
2014,Philippines,12.9474,120.1539,Wildfire,6.9,68,7868903.24,29.1,Low
2015,Canada,57.6293,-108.1185,Tornado,5.6,213,15564416.1,26.1,Low
2015,USA,38.5749,-97.6009,Flood,6.1,1512,86658640.66,48.2,Medium
2010,Japan,38.0111,139.3204,Earthquake,7.2,103,18343035.32,31.7,Low
2012,Germany,49.8936,10.7382,Hurricane/Typhoon,8.4,2038,174825996.53,71.5,High
2023,China,34.4304,103.0334,Hurricane/Typhoon,6.1,465,21831617.05,31.2,Low
2012,Australia,-25.0519,134.9452,Drought,6.1,801,12791012.92,33.7,Low
2019,Germany,51.8284,10.6512,Tornado,4.6,33,1079682.28,18.8,Low
2020,China,36.318,102.6865,Flood,5.7,273,11535804.09,26.7,Low
2016,USA,36.563,-95.4522,Wildfire,8.6,342,30843654.62,40.9,Medium
2011,Canada,56.9886,-106.5276,Earthquake,8.8,462,78884765.48,47.7,Medium
2012,Philippines,13.3651,122.2738,Wildfire,7.6,434,48117840.14,39.6,Low
2021,China,37.1811,104.757,Wildfire,8.4,517,29094602.99,41.7,Medium
2020,Brazil,-15.6493,-50.7859,Hurricane/Typhoon,7.5,2629,144311196.17,70.7,High
2010,Australia,-26.8582,131.8551,Hurricane/Typhoon,6.2,2834,248082446.32,77.9,High
2011,Mexico,25.4432,-100.9878,Flood,7.8,1113,31441609.44,45.5,Medium
2021,USA,38.9664,-96.0932,Hurricane/Typhoon,8.8,1970,152346152.12,70.1,High
2018,USA,37.3216,-97.09,Hurricane/Typhoon,6.8,2010,197664512.42,67.1,Medium
2013,USA,36.858,-94.7129,Earthquake,9.3,791,84932234.85,53.6,Medium
2016,China,35.1631,104.8402,Drought,5.6,1165,14877587.34,35.5,Low
2016,Italy,42.898,13.9039,Drought,6.3,805,23506330.66,35.6,Low
2017,Italy,40.3412,11.1298,Wildfire,7.7,399,20786221.24,36.9,Low
2015,Mexico,24.7663,-102.9251,Wildfire,7.5,200,16078038.05,33.6,Low
2012,Japan,37.3344,137.7797,Earthquake,7.4,124,23661105.95,33.2,Low
2015,Japan,36.4472,139.485,Flood,7.7,796,39395707.79,42.7,Medium
2014,Mexico,22.8848,-103.2026,Drought,3.5,493,12593375.51,20.2,Low
2021,India,19.1858,79.3104,Wildfire,8.8,328,30773907.9,41.6,Medium
2015,USA,35.2078,-93.8731,Hurricane/Typhoon,5.9,326,26100531.57,29.5,Low
2022,Germany,51.5616,12.0794,Earthquake,9.5,169,30427644.39,42.7,Medium
2019,UK,55.3856,-5.1298,Wildfire,8.7,392,42198501.3,42.9,Medium
2019,Mexico,21.7319,-100.7686,Earthquake,6.2,713,80932379.82,40.0,Medium
2011,Australia,-24.8439,135.2013,Earthquake,7.6,231,42399546.31,36.9,Low
2010,Brazil,-12.7426,-50.1223,Hurricane/Typhoon,7.5,506,42402082.93,39.3,Low
2012,Japan,35.3192,136.3173,Hurricane/Typhoon,6.8,1453,92184535.96,50.9,Medium
2012,USA,38.8617,-94.1683,Wildfire,8.4,471,45685841.23,42.9,Medium
2022,China,35.2382,104.4119,Flood,7.9,2142,121081477.74,65.1,Medium
2019,Canada,58.0579,-106.0783,Drought,3.3,639,6680554.19,20.3,Low
2010,Canada,56.8285,-107.2888,Drought,3.8,1029,15066887.62,27.0,Low
2020,Canada,57.9468,-107.0832,Wildfire,5.8,403,45985264.82,31.8,Low
2011,India,20.4588,80.6687,Hurricane/Typhoon,5.8,972,78422866.89,40.8,Medium
2014,USA,35.7435,-96.1907,Flood,5.9,2302,136000984.97,60.2,Medium
2017,Australia,-25.3991,133.9545,Drought,4.5,489,7024521.38,23.6,Low
2020,USA,37.7615,-96.5231,Earthquake,6.2,222,40791824.54,31.1,Low
2016,Australia,-26.7066,133.3524,Hurricane/Typhoon,8.9,687,45252404.66,47.0,Medium
2017,Australia,-27.0584,133.577,Wildfire,8.7,457,37898032.91,43.2,Medium
2019,USA,35.6571,-95.8572,Wildfire,8.0,224,25549873.9,36.8,Low
2017,USA,38.4258,-95.1538,Tornado,8.0,311,16226312.97,36.7,Low
2016,Japan,36.7131,137.2944,Drought,4.7,1272,26613421.83,34.2,Low
2014,Philippines,12.8352,122.6949,Hurricane/Typhoon,5.9,2044,188037804.4,62.8,Medium
2013,Japan,37.4902,137.2221,Flood,6.3,2426,110792820.29,60.5,Medium
2022,Australia,-27.1534,132.6856,Wildfire,9.3,73,6168341.31,38.5,Low
2018,Philippines,13.0484,122.3166,Hurricane/Typhoon,8.7,787,52897751.16,48.0,Medium
2011,Philippines,12.4806,123.5228,Flood,5.8,800,42963638.07,35.5,Low
2015,USA,38.1481,-96.2055,Flood,7.0,900,20808183.42,39.1,Low
2016,China,35.1716,102.8269,Drought,5.7,1450,25115174.45,39.8,Low
2011,UK,55.5263,-3.6409,Flood,5.2,815,39089057.77,32.9,Low
2014,Brazil,-13.1496,-53.2231,Drought,3.6,1262,22663764.38,29.3,Low
2020,India,20.9667,77.1177,Hurricane/Typhoon,8.1,1399,75704298.29,54.0,Medium
2020,China,36.0274,105.3234,Tornado,8.3,74,5441263.93,34.5,Low
2019,USA,36.4135,-97.5744,Hurricane/Typhoon,7.9,2521,166358400.96,73.4,High
2017,Philippines,13.737,120.7731,Drought,5.6,710,19631374.59,31.5,Low
2018,Australia,-24.3283,133.8188,Hurricane/Typhoon,7.6,1461,88838679.77,53.9,Medium
2020,China,35.8901,106.0397,Wildfire,5.2,501,28264716.46,28.6,Low
2014,Canada,55.0711,-106.1641,Hurricane/Typhoon,6.9,2508,216055267.15,74.3,High
2010,China,33.9649,104.6523,Earthquake,8.7,678,59404821.51,47.5,Medium
2013,China,37.7534,104.1696,Hurricane/Typhoon,6.5,914,83559183.29,43.5,Medium
2016,Brazil,-14.4841,-51.9311,Tornado,7.8,76,2979730.23,32.3,Low
2019,Brazil,-14.2544,-50.9209,Wildfire,7.4,586,29326852.75,38.4,Low
2010,China,36.5894,105.3596,Earthquake,8.4,80,12770273.08,35.7,Low
2010,Mexico,24.6523,-102.9894,Wildfire,6.5,517,46449112.14,35.8,Low
2013,USA,35.5893,-96.5916,Hurricane/Typhoon,8.1,1703,155226569.78,65.0,Medium
2014,Japan,34.9302,138.3443,Hurricane/Typhoon,6.6,874,53472365.08,40.5,Medium
2013,Mexico,22.8067,-101.9968,Hurricane/Typhoon,5.5,2481,209301207.46,67.7,Medium
2022,Mexico,24.7881,-101.2288,Flood,8.2,2437,141885457.87,71.4,High
2012,Canada,57.8681,-106.9793,Flood,4.4,1542,36078298.33,36.6,Low
2022,UK,56.2597,-1.7014,Flood,8.3,1793,40424206.9,55.2,Medium
2014,Brazil,-14.6154,-51.5635,Tornado,5.0,281,15869827.48,24.4,Low
2014,Philippines,11.2789,123.2118,Drought,3.4,901,15663550.33,24.2,Low
2015,USA,37.6733,-95.6343,Drought,6.8,1244,20510483.64,41.7,Medium
2011,China,36.884,105.282,Earthquake,6.9,57,5888051.25,28.8,Low
2010,China,34.3399,104.8917,Hurricane/Typhoon,7.3,763,72357444.55,44.1,Medium
2017,China,34.5193,102.9866,Tornado,5.5,130,4699243.5,23.8,Low
2021,USA,38.4443,-96.8693,Earthquake,7.1,514,47751995.92,38.3,Low
2016,Mexico,22.4392,-103.6836,Flood,6.8,1078,55828807.96,43.6,Medium
2012,Germany,52.5435,10.5481,Flood,5.9,1499,25573910.83,41.1,Medium
2012,Canada,55.193,-104.9536,Wildfire,7.9,161,11244806.12,34.3,Low
2016,UK,53.7185,-2.3247,Flood,5.7,2367,136478573.23,60.1,Medium
2018,USA,37.4569,-95.8184,Flood,7.3,739,36284468.59,40.2,Medium
2021,USA,36.5339,-96.77,Hurricane/Typhoon,7.2,1726,110691169.95,57.1,Medium
2013,Italy,43.6107,12.7896,Drought,6.1,952,10631348.79,35.0,Low
2018,Australia,-24.1783,133.7958,Wildfire,7.0,502,34922968.21,36.5,Low
2018,Mexico,22.1829,-101.7256,Hurricane/Typhoon,8.9,1445,104734998.22,60.5,Medium
2023,Australia,-24.9167,135.6281,Wildfire,6.4,344,21480824.67,31.2,Low
2020,USA,38.922,-94.0681,Drought,6.2,976,28994736.5,37.5,Low
2022,USA,38.8203,-97.685,Flood,4.7,1456,46246435.76,38.0,Low
2015,Japan,36.7894,137.1784,Drought,3.5,337,8757363.57,18.2,Low
2011,Mexico,21.907,-104.5277,Earthquake,6.1,258,40250616.62,31.0,Low
2016,India,21.5426,79.688,Earthquake,7.0,582,83211465.84,42.1,Medium
2023,India,20.9357,80.9404,Hurricane/Typhoon,7.0,1209,79049667.11,48.0,Medium
2021,Italy,43.0253,13.4374,Earthquake,7.4,56,5351829.69,30.7,Low
2010,Mexico,25.5692,-101.7353,Drought,4.2,242,4965005.89,19.7,Low
2016,Mexico,22.3215,-102.3765,Tornado,7.3,107,7509294.21,31.0,Low
2010,USA,37.5163,-94.1953,Hurricane/Typhoon,7.5,2856,130108636.22,71.6,High
2017,India,18.6225,77.3194,Flood,5.2,855,20672246.88,31.4,Low
2011,Brazil,-14.85,-51.7899,Wildfire,6.8,139,13421980.59,29.9,Low
2023,Japan,34.9227,137.6504,Hurricane/Typhoon,6.0,1787,131742068.43,55.0,Medium
2015,Japan,34.7427,136.869,Hurricane/Typhoon,5.1,883,68094038.08,36.0,Low
2019,Germany,52.2621,11.1291,Hurricane/Typhoon,8.6,2568,139866984.97,74.1,High
2016,USA,35.3024,-94.2339,Wildfire,9.3,530,33012867.66,45.8,Medium
2019,India,19.4503,78.7316,Wildfire,6.0,240,28072408.85,29.2,Low
2016,Canada,55.4333,-107.6498,Hurricane/Typhoon,7.3,2818,148919773.75,72.3,High
2021,India,19.2748,77.3632,Hurricane/Typhoon,6.3,2696,120030698.4,64.2,Medium
2020,Australia,-25.0575,132.3455,Tornado,5.5,196,12181050.14,25.2,Low
2016,Japan,36.5104,139.8281,Flood,6.5,1461,39454336.94,44.6,Medium
2014,USA,37.9891,-95.8579,Wildfire,7.2,215,22914039.57,33.2,Low
2011,Australia,-23.5024,134.0542,Earthquake,6.9,560,85873502.85,41.8,Medium
2016,Philippines,11.5918,121.5573,Tornado,7.9,234,4717740.66,34.4,Low
2010,Brazil,-14.4694,-53.2716,Earthquake,8.3,660,89906072.26,48.8,Medium
2015,Brazil,-14.2392,-53.4699,Hurricane/Typhoon,8.6,1638,79109703.06,58.7,Medium
2012,Canada,57.9132,-106.2642,Flood,4.1,603,12700526.62,23.7,Low
2022,India,21.5068,79.8644,Flood,4.8,354,19382107.68,24.7,Low
2019,Japan,36.4168,138.6763,Drought,6.5,1162,23320426.88,40.0,Medium
2017,Mexico,23.3835,-101.8156,Wildfire,8.2,431,41683886.28,41.3,Medium
2023,India,19.5372,79.1,Drought,6.2,182,2555262.51,26.9,Low
2021,Australia,-26.0616,135.4602,Hurricane/Typhoon,8.3,2650,156996727.72,75.4,High
2015,India,19.9775,80.4473,Drought,6.5,1268,35466967.71,42.2,Medium
2011,Mexico,21.7214,-103.9531,Hurricane/Typhoon,8.1,2703,229637951.41,82.4,High
2016,China,34.2299,102.9854,Earthquake,9.0,573,59100453.71,47.6,Medium
2023,China,34.6453,102.2096,Hurricane/Typhoon,6.9,1161,94280643.97,48.6,Medium
2011,Germany,51.5948,8.9107,Earthquake,8.2,799,78473374.59,48.6,Medium
2013,Japan,34.6723,138.9971,Wildfire,7.1,527,54115622.04,39.1,Low
2016,USA,35.5507,-94.6245,Wildfire,5.5,441,34481234.47,29.9,Low
2019,USA,35.8128,-97.2262,Wildfire,7.0,401,38624415.1,35.9,Low
2016,Canada,57.1698,-104.6104,Flood,6.8,1076,17932654.87,39.8,Low
2018,Brazil,-14.5042,-52.5707,Hurricane/Typhoon,7.6,2165,171116385.52,69.2,Medium
2011,China,35.0659,104.274,Flood,7.5,921,17978509.78,41.0,Medium
2016,Australia,-24.1107,134.5022,Hurricane/Typhoon,5.6,1680,153872259.35,54.6,Medium
2023,Brazil,-14.9234,-53.3815,Hurricane/Typhoon,6.5,370,33447808.68,33.0,Low
2014,China,36.6625,103.6569,Drought,5.9,235,6159183.67,26.6,Low
2021,Philippines,10.8749,123.4928,Wildfire,7.6,403,23766615.96,36.8,Low
2015,Philippines,12.8562,119.8384,Flood,8.4,685,14648420.69,41.9,Medium
2013,Japan,37.9407,138.4488,Hurricane/Typhoon,6.5,833,43916390.26,38.7,Low
2015,USA,38.8561,-94.1576,Wildfire,5.1,543,62506340.55,32.1,Low
2022,India,20.0373,77.6078,Flood,6.2,447,10051167.2,30.3,Low
2012,China,35.6325,105.0762,Flood,5.9,291,9764607.25,27.5,Low
2011,USA,38.53,-95.5858,Drought,3.4,754,11476812.76,22.3,Low
2018,Mexico,24.9411,-101.8122,Hurricane/Typhoon,5.9,1469,61614236.02,44.5,Medium
2020,USA,35.1574,-96.2573,Drought,6.8,1255,35496584.54,43.3,Medium
2011,China,35.3343,105.7622,Earthquake,6.2,503,75859818.15,37.4,Low
2018,UK,54.7621,-4.2898,Tornado,8.3,138,6730852.0,35.3,Low
2018,USA,38.4371,-96.7056,Hurricane/Typhoon,5.4,2573,112089937.04,58.5,Medium
2013,USA,38.2244,-97.2195,Flood,7.6,1889,75414454.05,56.8,Medium
2022,USA,36.6846,-94.6562,Flood,4.7,2314,39148379.02,45.9,Medium
2015,USA,35.4797,-94.8029,Earthquake,6.4,656,54879547.19,37.6,Low
2015,Philippines,14.7668,122.5872,Hurricane/Typhoon,5.8,473,30515694.33,31.0,Low
2021,USA,35.3055,-94.8595,Earthquake,9.4,344,42427080.36,45.3,Medium
2023,Brazil,-15.1278,-52.7191,Tornado,4.8,370,11763489.66,24.1,Low
2020,USA,36.8304,-96.3143,Tornado,7.0,238,10841971.84,31.5,Low
2023,India,19.605,77.0787,Flood,4.0,1014,60828990.98,32.2,Low
2012,Mexico,24.738,-102.1221,Flood,7.6,2000,112977232.66,61.7,Medium
2013,Mexico,25.1885,-102.8028,Flood,5.6,462,17836764.88,28.8,Low
2011,Mexico,24.4279,-102.65,Flood,8.4,1850,62282434.85,58.3,Medium
2012,USA,38.9503,-95.2026,Flood,4.3,677,11695845.2,25.1,Low
2014,China,36.5261,102.6873,Earthquake,6.1,720,80296778.17,39.6,Low
2013,Japan,37.2731,138.4581,Tornado,6.5,368,26302880.59,32.3,Low
2012,China,34.9382,102.2021,Flood,8.5,469,13718234.0,40.1,Medium
2019,Japan,35.2221,138.6854,Flood,6.7,2235,126985427.9,61.8,Medium
2012,India,21.0144,80.9188,Hurricane/Typhoon,7.6,1113,75455685.28,49.1,Medium
2022,India,19.0711,78.6183,Hurricane/Typhoon,8.0,718,46421021.04,43.8,Medium
2022,India,18.9883,77.8251,Earthquake,6.2,541,80350482.11,38.2,Low
2020,Japan,37.5237,139.2988,Hurricane/Typhoon,5.8,2411,193323359.1,66.6,Medium
2011,China,36.1915,105.8379,Drought,4.8,130,1474188.55,20.6,Low
2012,Mexico,22.6865,-101.0163,Tornado,8.3,81,1747851.78,34.2,Low
2022,India,20.6523,80.2393,Hurricane/Typhoon,5.7,664,42923958.02,33.7,Low
2020,Mexico,24.273,-101.9129,Hurricane/Typhoon,7.6,1362,62249778.24,50.2,Medium
2017,Canada,57.8761,-104.5651,Wildfire,6.1,575,52717826.14,35.4,Low
2017,Italy,42.9902,12.3543,Flood,4.5,2020,117792997.88,50.0,Medium
2022,Philippines,13.02,122.2738,Drought,6.7,1140,12096215.92,39.4,Low
2019,Mexico,21.9124,-102.3635,Earthquake,6.9,597,57663559.74,39.3,Low
2022,Philippines,12.6752,123.2907,Earthquake,7.8,288,42776788.44,38.4,Low
2019,India,20.6174,78.7107,Flood,4.8,305,8136646.82,23.1,Low
2017,USA,36.9872,-95.8169,Flood,7.8,973,31244242.17,44.1,Medium
2020,USA,37.4727,-97.344,Hurricane/Typhoon,5.3,946,66838586.59,37.3,Low
2019,Germany,52.4286,9.5317,Flood,7.0,2492,138733435.34,66.8,Medium
2020,Japan,37.1048,137.8184,Drought,5.7,1077,25085127.02,36.1,Low
2020,USA,35.2625,-96.2914,Wildfire,6.2,140,14743142.66,27.7,Low
2019,India,20.0084,77.1361,Tornado,6.9,100,4925040.72,29.1,Low
2015,China,37.0939,104.4028,Flood,7.3,1650,32695409.91,49.0,Medium
2023,Canada,56.4541,-104.904,Wildfire,7.9,236,16637879.91,35.6,Low
2020,USA,37.509,-96.0235,Hurricane/Typhoon,8.3,1841,116026890.51,63.2,Medium
2015,Japan,35.2593,138.6972,Flood,6.0,1479,32280687.74,42.0,Medium
2012,India,19.2018,78.3121,Earthquake,6.6,414,61934270.64,36.7,Low
2017,Japan,36.7213,137.3509,Hurricane/Typhoon,5.0,2650,258664499.48,72.4,High
2011,UK,54.4337,-3.8295,Wildfire,6.0,92,10269352.74,25.9,Low
2017,USA,36.1241,-95.7919,Drought,6.0,1011,22281276.57,36.3,Low
2017,USA,35.1782,-94.3779,Flood,4.3,662,27401773.61,26.6,Low
2020,Philippines,13.7691,121.201,Wildfire,7.7,217,26018414.81,35.6,Low
2014,Italy,42.7289,10.9918,Flood,7.2,201,6105938.95,31.4,Low
2022,Canada,54.3052,-107.3219,Hurricane/Typhoon,5.4,1661,144150767.43,52.6,Medium
2014,Philippines,14.51,121.2113,Drought,6.0,1114,14362680.81,36.6,Low
2019,USA,35.4794,-96.4385,Flood,4.9,1384,37799813.87,37.2,Low
2010,UK,55.0356,-2.0495,Hurricane/Typhoon,8.0,567,48957043.54,42.6,Medium
2015,USA,36.1248,-95.557,Wildfire,7.8,52,5753327.46,32.3,Low
2018,India,20.7946,77.3476,Flood,5.2,2317,123149918.64,56.3,Medium
2011,USA,35.9959,-96.4042,Flood,5.8,1742,100379826.64,50.7,Medium
2014,Brazil,-13.7641,-51.7664,Tornado,5.1,307,13431143.78,24.8,Low
2017,China,35.6214,105.9112,Earthquake,7.1,142,16937645.62,31.5,Low
2017,China,37.7756,105.4043,Flood,4.6,752,35725392.97,29.5,Low
2010,China,34.0944,104.9398,Hurricane/Typhoon,6.4,1862,173816264.88,61.6,Medium
2010,USA,35.5436,-95.8121,Hurricane/Typhoon,7.9,1230,110640272.75,55.0,Medium
2015,Brazil,-13.1448,-50.69,Flood,5.4,1882,110875941.59,51.5,Medium
2023,China,34.26,104.5071,Earthquake,8.1,438,60558307.26,42.8,Medium
2014,USA,37.4665,-95.1047,Earthquake,6.5,593,116555911.41,43.6,Medium
2011,Japan,34.3878,139.932,Drought,5.7,661,16994536.5,31.1,Low
2020,Philippines,13.097,121.5096,Hurricane/Typhoon,5.2,2085,116192562.84,53.3,Medium
2023,USA,38.252,-96.467,Hurricane/Typhoon,6.5,2114,127675039.29,59.9,Medium
2023,Italy,42.1548,13.6901,Earthquake,7.1,276,28448562.59,34.0,Low
2011,Germany,51.5944,10.1506,Flood,7.5,1257,64046473.33,49.0,Medium
2019,Italy,43.0031,13.9772,Flood,5.9,1384,24135102.81,39.9,Low
2019,India,19.926,79.393,Flood,4.2,1942,43135483.26,40.5,Medium
2018,Japan,34.8996,137.4264,Drought,6.2,976,28583799.15,37.4,Low
2016,Germany,51.7866,9.6925,Flood,5.4,475,15464317.61,27.9,Low
2017,USA,35.7975,-94.8734,Flood,5.7,2261,116866224.32,57.1,Medium
2019,Japan,37.3875,138.8077,Drought,3.0,1199,12350035.92,25.2,Low
2018,Germany,51.2251,10.0343,Wildfire,9.5,180,11468136.0,40.9,Medium
2022,USA,37.4014,-94.1801,Earthquake,9.3,63,12078249.38,39.0,Low
2021,Australia,-26.7304,134.6431,Wildfire,8.8,485,26834942.46,42.7,Medium
2010,Philippines,14.5481,119.9839,Hurricane/Typhoon,5.9,2260,136795584.04,59.9,Medium
2017,India,21.3757,79.878,Tornado,6.4,246,13098628.64,29.4,Low
2022,Canada,56.6722,-106.866,Earthquake,7.8,367,34993451.56,38.4,Low
2019,China,36.6389,103.1202,Earthquake,6.9,324,27753156.13,33.6,Low
2020,China,35.5769,103.412,Earthquake,8.3,396,66833752.32,43.8,Medium
2013,Mexico,25.012,-104.2432,Flood,4.9,2032,56583007.52,45.6,Medium
2015,Brazil,-13.1686,-50.9961,Hurricane/Typhoon,8.8,647,43378119.5,46.0,Medium
2019,Italy,41.4626,11.3851,Wildfire,7.9,220,18534992.23,35.7,Low
2017,USA,38.5604,-95.4896,Earthquake,6.6,124,23278360.04,30.0,Low
2018,India,18.6405,79.1316,Tornado,4.3,208,16169706.11,20.9,Low
2012,Mexico,22.6497,-101.691,Flood,5.7,1140,33772485.14,37.6,Low
2010,Brazil,-12.911,-52.8529,Tornado,5.5,127,9253955.89,24.2,Low
2017,USA,38.5214,-94.2571,Wildfire,8.3,577,31641901.35,42.1,Medium
2011,Italy,41.6322,12.5806,Hurricane/Typhoon,5.3,2040,123869662.33,54.0,Medium
2022,Japan,35.2164,139.9172,Drought,4.0,975,10793000.45,26.8,Low
2023,Brazil,-12.9522,-50.404,Wildfire,7.1,272,22174406.09,33.3,Low
2015,UK,53.7986,-2.8629,Wildfire,9.1,378,25274837.56,42.7,Medium
2021,China,34.4483,104.016,Hurricane/Typhoon,7.6,2507,210890014.58,76.6,High
2011,Mexico,23.9016,-102.8477,Hurricane/Typhoon,7.1,934,86944148.22,46.4,Medium
2018,UK,55.7654,-4.2057,Drought,4.9,372,9951077.68,24.3,Low
2020,USA,38.449,-94.9859,Earthquake,6.8,141,25862466.31,31.2,Low
2012,Canada,56.2918,-104.486,Wildfire,5.8,185,20964033.39,27.1,Low
2010,Mexico,24.2248,-102.1804,Flood,5.1,622,13555031.05,28.0,Low
2013,USA,37.6743,-95.5112,Flood,8.1,843,48444314.89,45.7,Medium
2021,Brazil,-12.2964,-51.8517,Hurricane/Typhoon,5.2,2667,195818476.37,67.1,Medium
2017,Japan,34.7828,136.4291,Flood,4.8,919,50548092.25,33.4,Low
2017,USA,37.8567,-96.1662,Hurricane/Typhoon,5.5,422,29740615.04,29.2,Low
2018,China,36.5459,104.4224,Tornado,6.2,207,5651547.64,27.4,Low
2018,Brazil,-12.9587,-53.1626,Earthquake,6.3,113,21478170.02,28.5,Low
2019,Japan,36.4121,139.9642,Hurricane/Typhoon,7.6,648,48844916.82,41.8,Medium
2012,Philippines,14.0147,120.8755,Wildfire,8.4,191,12156981.69,36.7,Low
2015,Australia,-23.8046,134.1248,Tornado,7.6,27,545912.86,30.7,Low
2015,Philippines,14.8483,121.5982,Wildfire,9.1,53,4022916.23,37.3,Low
2014,Mexico,25.4038,-100.74,Hurricane/Typhoon,6.8,605,36230090.17,36.9,Low
2016,Italy,40.0543,12.2914,Tornado,5.8,147,3751682.82,25.0,Low
2016,USA,37.6792,-94.0454,Earthquake,6.3,142,23357517.35,29.0,Low
2022,Italy,43.6404,14.5071,Flood,6.0,1526,29796250.62,42.2,Medium
2015,China,37.5496,104.5559,Wildfire,7.1,585,54441437.97,39.7,Low
2020,India,20.8368,77.7386,Hurricane/Typhoon,5.8,2569,124467029.45,61.3,Medium
2019,Brazil,-13.9601,-51.4327,Flood,6.7,263,10193341.31,30.4,Low
2010,Brazil,-13.9979,-51.8398,Hurricane/Typhoon,5.5,2467,245960863.13,71.3,High
2022,China,35.8012,104.6475,Earthquake,7.3,655,86100089.25,44.4,Medium
2020,India,21.9656,79.2374,Tornado,4.1,314,10740323.82,20.6,Low
2020,USA,35.4379,-95.9835,Wildfire,9.4,515,56366188.09,48.4,Medium
2015,China,36.1692,105.5141,Flood,4.1,522,20826923.53,23.7,Low
2011,USA,38.8644,-94.1207,Earthquake,6.5,124,21585400.46,29.4,Low
2015,India,20.632,80.8461,Flood,6.2,1391,65061222.61,45.2,Medium
2011,China,34.4119,103.3772,Hurricane/Typhoon,8.1,695,50393504.8,44.4,Medium
2018,UK,55.9499,-4.8514,Flood,7.2,1849,105944819.71,57.9,Medium
2020,India,19.2981,77.5237,Drought,4.3,1303,14970118.38,31.7,Low
2016,USA,37.9185,-93.7272,Tornado,7.2,197,7088860.34,31.5,Low
2014,USA,38.3832,-96.3236,Earthquake,7.7,96,11354424.34,32.9,Low
2014,UK,53.8757,-2.0503,Flood,7.8,1703,63628377.21,54.6,Medium
2021,USA,37.3881,-93.9576,Flood,6.8,1099,62247727.75,44.4,Medium
2023,Italy,41.51,14.3626,Hurricane/Typhoon,5.8,857,48597699.97,36.6,Low
2020,Mexico,25.5975,-102.5376,Drought,5.4,673,6798065.42,29.0,Low
2019,USA,37.1707,-93.9287,Tornado,4.8,362,12926677.51,24.1,Low
2023,India,18.9504,80.9347,Flood,8.2,2421,137001531.26,70.7,High
2012,UK,54.8626,-3.5041,Flood,5.6,441,8430159.09,27.7,Low
2015,Brazil,-12.3311,-51.4783,Tornado,8.0,65,5126114.03,33.2,Low
2011,China,35.1199,103.8996,Wildfire,5.2,421,27751854.25,27.8,Low
2019,Mexico,24.8058,-104.337,Hurricane/Typhoon,5.8,434,29400256.85,30.5,Low
2020,Mexico,24.0046,-101.8281,Flood,6.2,554,30180006.07,33.4,Low
2012,Brazil,-14.981,-51.0745,Wildfire,6.0,194,20529354.14,28.0,Low
2015,Brazil,-14.5772,-51.6987,Flood,7.9,1611,33698459.44,51.1,Medium
2014,Japan,38.0262,139.314,Hurricane/Typhoon,7.9,2857,250221465.55,85.2,High
2020,Germany,49.725,10.3465,Tornado,7.6,52,1705238.26,31.1,Low
2021,UK,56.4638,-5.2879,Earthquake,6.5,624,99639409.07,42.2,Medium
2020,India,21.3284,77.2349,Tornado,5.0,382,15889894.72,25.4,Low
2016,Japan,37.2558,139.5454,Earthquake,9.2,480,68924525.67,48.5,Medium
2012,India,19.682,79.1427,Flood,5.9,993,41182560.31,37.6,Low
2019,Japan,37.071,137.2555,Earthquake,7.9,249,36269214.54,37.7,Low
2021,Canada,55.4017,-107.4286,Drought,6.2,1391,40868892.76,42.8,Medium
2011,Australia,-23.61,133.9308,Earthquake,6.2,504,96385684.77,39.5,Low
2014,Philippines,12.4439,121.5659,Earthquake,6.3,456,45205419.34,34.3,Low
2018,Brazil,-13.3133,-53.8811,Flood,8.2,1529,30306776.76,51.1,Medium
2016,Germany,51.9593,11.3725,Wildfire,7.7,289,16467535.33,35.3,Low
2020,USA,35.4905,-94.5944,Drought,3.4,139,1785661.31,15.2,Low
2022,Mexico,24.4466,-102.7693,Earthquake,8.4,231,23142229.27,38.2,Low
2015,USA,37.9583,-96.2262,Flood,7.7,1297,60230691.55,49.8,Medium
2023,USA,35.7985,-97.7074,Flood,4.6,1992,110656120.47,49.4,Medium
2012,UK,56.9704,-4.0006,Drought,3.0,955,24057339.18,24.0,Low
2020,Philippines,11.0731,121.048,Earthquake,9.0,237,44741019.23,42.8,Medium
2021,Australia,-24.0782,134.5155,Hurricane/Typhoon,6.8,2829,170834984.9,72.6,High
2023,India,18.7653,80.299,Flood,6.0,983,52102554.93,39.0,Low
2021,India,20.793,80.683,Wildfire,7.7,424,40311346.72,39.1,Low
2020,Italy,42.5357,13.8769,Flood,8.4,1379,80095999.23,55.4,Medium
2018,China,37.7393,105.2814,Flood,7.1,685,10367604.32,36.3,Low
2011,Australia,-23.5192,135.2831,Hurricane/Typhoon,7.0,1464,64217727.42,49.1,Medium
2020,Brazil,-13.7226,-50.2806,Drought,7.0,789,21784292.01,38.1,Low
2020,China,34.557,104.3718,Earthquake,8.6,432,70123519.67,45.7,Medium
2016,Australia,-27.0872,133.3217,Flood,5.8,2194,89126317.38,54.1,Medium
2018,Brazil,-13.6535,-52.3289,Hurricane/Typhoon,8.7,2542,110646622.21,71.3,High
2015,Brazil,-13.3615,-52.01,Flood,7.1,1189,71132182.25,47.4,Medium
2010,Germany,51.9376,8.9512,Tornado,5.0,109,5909605.03,21.7,Low
2015,Australia,-24.9458,135.6227,Earthquake,6.8,52,6610014.36,28.4,Low
2014,India,21.6251,80.346,Earthquake,6.0,214,33372438.12,29.5,Low
2012,Mexico,21.9215,-103.6999,Earthquake,6.9,450,45916824.22,36.7,Low
2013,USA,37.239,-96.9749,Flood,4.8,812,20176235.88,29.3,Low
2015,Japan,35.5241,136.631,Flood,7.5,363,15950872.18,35.2,Low
2022,Italy,43.2257,10.7456,Flood,6.9,2415,96625028.76,61.4,Medium
2017,India,19.6031,77.0158,Tornado,4.5,206,8972314.47,21.0,Low
2013,Japan,34.7443,139.9601,Earthquake,8.4,517,62086509.1,45.0,Medium
2013,Italy,42.1203,13.7198,Hurricane/Typhoon,6.3,2616,239736061.04,75.3,High
2012,USA,37.4637,-95.3356,Hurricane/Typhoon,5.7,490,26389787.99,30.3,Low
2012,Mexico,23.3063,-101.3336,Flood,4.0,779,27725225.93,26.6,Low
2011,India,19.3362,77.9833,Drought,6.6,1320,16528573.73,41.3,Medium
2014,Italy,40.3281,13.7646,Tornado,5.0,394,20899275.28,26.0,Low
2023,Japan,35.9258,140.0797,Flood,7.6,900,16234769.22,41.0,Medium
2022,Italy,41.9677,11.058,Hurricane/Typhoon,7.0,317,25735241.54,33.7,Low
2011,Brazil,-14.4951,-50.8288,Hurricane/Typhoon,5.8,1821,109148818.52,52.3,Medium
2018,Brazil,-13.3087,-50.3971,Hurricane/Typhoon,6.9,2226,111408547.82,61.0,Medium
2022,Philippines,12.3969,121.8371,Wildfire,8.4,397,45338094.6,42.1,Medium
2018,Germany,52.2224,11.2475,Tornado,4.3,202,11416916.63,20.4,Low
2023,Japan,37.8345,138.1684,Flood,6.3,1558,90776903.93,49.9,Medium
2021,Australia,-27.0563,132.1539,Hurricane/Typhoon,5.7,2252,112038834.45,56.5,Medium
2018,USA,37.2948,-95.2498,Hurricane/Typhoon,7.5,1236,59471643.97,48.3,Medium
2010,Canada,54.3666,-107.9853,Earthquake,9.5,720,75866905.37,52.8,Medium
2020,USA,38.0872,-95.6104,Flood,5.9,1674,68596075.05,47.2,Medium
2015,Philippines,13.6744,122.4625,Wildfire,8.3,180,9455057.58,35.9,Low
2022,Japan,34.4028,139.9984,Wildfire,6.0,184,10881928.44,26.9,Low
2019,India,20.0267,80.6815,Wildfire,5.5,431,43207604.89,30.6,Low
2012,USA,38.1974,-97.1874,Flood,5.5,392,13062267.06,27.2,Low
2019,India,18.6015,80.8974,Flood,7.2,1145,65345862.97,46.8,Medium
2016,India,20.4284,78.5515,Hurricane/Typhoon,7.4,1218,58367960.79,47.6,Medium
2012,USA,35.1817,-97.0624,Hurricane/Typhoon,6.7,603,41112894.31,36.9,Low
2012,India,21.0225,80.4024,Flood,7.4,2374,58917075.95,59.2,Medium
2012,Canada,54.2467,-107.3482,Drought,5.2,665,7539515.1,28.2,Low
2023,India,19.2388,79.23,Tornado,4.9,70,3163158.16,20.6,Low
2021,USA,35.3135,-96.0865,Tornado,8.4,223,15718395.02,37.4,Low
2022,Italy,41.712,13.5726,Tornado,5.7,368,16059547.0,28.1,Low
2019,Japan,36.4813,139.4667,Earthquake,6.2,645,73809134.61,38.6,Low
2022,UK,54.3889,-2.8059,Hurricane/Typhoon,6.7,1104,89524981.36,46.8,Medium
2012,China,34.6143,103.0889,Hurricane/Typhoon,5.0,2951,225076029.48,72.0,High
2021,Japan,34.9591,139.636,Earthquake,7.5,170,15404576.87,33.2,Low
2017,Canada,55.1529,-105.1967,Wildfire,9.1,401,46459332.25,45.1,Medium
2010,Brazil,-14.9478,-51.226,Flood,6.3,2302,100437295.54,58.3,Medium
2016,Canada,56.2652,-106.368,Drought,6.8,1365,16327750.99,42.5,Medium
2015,China,35.4903,104.7479,Wildfire,9.1,136,13064302.82,39.1,Low
2020,Brazil,-14.7089,-53.0376,Hurricane/Typhoon,8.2,848,70562016.76,48.3,Medium
2021,Canada,55.2569,-106.4963,Drought,6.6,1465,16337773.48,42.7,Medium
2013,Brazil,-15.3303,-52.877,Flood,7.7,1186,21928754.14,44.9,Medium
2017,Philippines,12.3334,122.4438,Hurricane/Typhoon,5.1,1393,86627460.58,43.0,Medium
2019,India,21.5011,80.6246,Hurricane/Typhoon,6.1,1655,145249357.2,55.5,Medium
2014,India,21.4384,79.8422,Drought,5.9,1401,23410809.62,40.0,Medium
2022,Japan,38.0682,137.9963,Hurricane/Typhoon,9.0,1409,89586541.89,59.0,Medium
2021,Canada,56.5086,-106.3288,Drought,3.3,527,14818657.92,20.0,Low
2022,USA,35.7983,-96.5678,Flood,7.1,232,9458847.33,31.7,Low
2017,Canada,57.8774,-104.6717,Earthquake,6.3,399,40795265.36,33.3,Low
2013,India,19.1604,80.1061,Earthquake,7.3,359,65089837.62,39.3,Low
2018,Japan,37.6138,137.2081,Hurricane/Typhoon,8.9,859,46708846.04,48.9,Medium
2013,UK,55.724,-4.9553,Flood,4.6,1371,23812571.39,34.5,Low
2014,China,34.9191,104.3678,Flood,7.6,844,48397609.04,43.7,Medium
2022,Mexico,22.834,-103.2831,Earthquake,8.5,107,14374018.52,36.5,Low
2022,India,21.2211,78.7916,Flood,8.1,274,4479748.03,35.6,Low
2017,China,36.7835,104.1727,Hurricane/Typhoon,6.4,984,47748919.68,40.2,Medium
2023,USA,36.5634,-95.5141,Flood,8.2,1350,39588890.5,50.3,Medium
2013,Japan,37.4626,138.8818,Wildfire,5.8,567,60003190.89,34.9,Low
2015,Japan,37.5766,138.8519,Wildfire,5.2,559,35541046.07,29.9,Low
2020,Canada,57.6088,-104.605,Wildfire,8.1,470,49709213.7,42.1,Medium
2019,Italy,43.1514,11.4503,Hurricane/Typhoon,6.8,2664,175287154.94,71.4,High
2017,Philippines,12.497,120.5499,Flood,5.3,453,19957706.57,27.7,Low
2017,USA,38.1428,-94.9089,Tornado,7.7,284,6751505.96,34.3,Low
2022,Canada,55.6,-105.7437,Wildfire,5.2,75,8584068.03,22.4,Low
2014,Germany,51.8897,11.368,Flood,4.8,2096,93933420.25,49.6,Medium
2022,Canada,54.6097,-108.2341,Earthquake,9.4,758,132658547.07,58.4,Medium
2016,UK,54.2405,-3.838,Tornado,7.1,263,20936713.57,33.1,Low
2018,Italy,40.6638,11.3525,Hurricane/Typhoon,6.4,931,66180924.87,41.5,Medium
2018,India,22.2159,77.0672,Hurricane/Typhoon,7.3,2885,263564113.41,84.4,High
2016,UK,54.7459,-2.5535,Drought,4.4,1450,34303679.91,35.5,Low
2012,Italy,40.4634,11.1631,Wildfire,8.7,282,27904389.58,40.4,Medium
2023,Japan,36.2888,138.6817,Flood,5.6,2140,98661586.44,53.7,Medium
2013,Mexico,24.7568,-103.6618,Earthquake,6.5,483,63378572.89,37.2,Low
2022,Germany,53.048,10.3282,Flood,4.2,2080,35464572.79,41.1,Medium
2019,Japan,36.6285,139.4016,Flood,6.3,848,44383828.64,38.1,Low
2012,Japan,34.3543,136.3066,Flood,5.8,1650,72626857.41,47.0,Medium
2023,Canada,58.0519,-107.451,Drought,5.7,1394,40758014.75,40.8,Medium
2014,Philippines,14.7246,121.742,Wildfire,7.8,318,27789786.51,37.2,Low
2010,Japan,35.8101,137.0512,Hurricane/Typhoon,6.1,894,47014754.91,38.0,Low
2020,Canada,54.9968,-105.5766,Flood,8.3,2282,35964159.59,59.6,Medium
2017,USA,37.5197,-96.695,Flood,6.5,831,39290486.76,38.2,Low
2023,China,36.6013,105.6309,Flood,8.3,1858,32649140.15,55.0,Medium
2015,Japan,37.7537,140.2216,Earthquake,7.3,100,18802618.12,32.1,Low
2018,Japan,37.7884,139.4114,Hurricane/Typhoon,8.2,573,52317773.81,43.8,Medium
2011,USA,35.3117,-96.1227,Wildfire,6.2,291,14678593.98,29.2,Low
2021,China,34.7765,104.4256,Earthquake,6.4,625,74296915.06,39.3,Low
2023,USA,37.73,-96.831,Earthquake,7.4,108,15232985.05,32.2,Low
2018,Australia,-25.6728,134.0536,Wildfire,8.0,445,24220472.61,38.9,Low
2023,Philippines,14.033,119.9501,Earthquake,8.0,228,43870396.28,38.7,Low
2011,China,35.3331,103.9025,Wildfire,5.3,400,29238552.87,28.1,Low
2014,Australia,-24.9917,134.4521,Hurricane/Typhoon,6.5,1166,87981785.61,46.5,Medium
2011,India,20.5766,80.1794,Flood,7.6,761,12036894.64,39.2,Low
2022,Japan,38.1056,138.9167,Flood,7.9,2232,43131679.7,58.2,Medium
2012,Philippines,11.2292,120.9999,Drought,5.3,980,27556364.05,33.8,Low
2014,China,35.711,104.4561,Hurricane/Typhoon,5.1,2443,167281952.98,61.6,Medium
2017,USA,36.7954,-94.1372,Flood,7.6,959,20075056.2,42.0,Medium
2018,China,36.5598,102.3033,Drought,5.8,1186,24544629.57,37.5,Low
2012,Germany,51.3388,9.8597,Tornado,8.2,333,20345057.13,38.2,Low
2023,Italy,42.6631,11.7951,Flood,4.4,1765,52591184.68,40.5,Medium
2016,Japan,38.0153,138.9385,Wildfire,7.9,236,15652048.71,35.5,Low
2011,USA,35.7242,-95.3656,Earthquake,6.1,407,56310401.37,34.1,Low
2013,India,22.5627,79.2122,Hurricane/Typhoon,8.7,2265,91536033.64,66.6,Medium
2023,USA,35.6511,-93.8373,Hurricane/Typhoon,6.2,2531,202284801.3,70.3,High
2017,India,20.1937,79.2496,Hurricane/Typhoon,8.7,664,43284417.21,45.8,Medium
2015,Japan,37.7621,137.9565,Drought,4.0,777,8283227.9,24.6,Low
2010,India,20.002,79.7561,Hurricane/Typhoon,5.2,1881,185284311.67,58.1,Medium
2016,Brazil,-13.7642,-50.0685,Hurricane/Typhoon,5.4,2900,214385281.14,72.0,High
2010,India,20.8672,78.4806,Earthquake,6.2,429,64876698.1,35.6,Low
2016,Philippines,11.587,121.1691,Flood,4.7,1893,85845565.5,46.3,Medium
2018,India,19.5291,77.2735,Earthquake,7.0,587,90686681.31,42.9,Medium
2015,Brazil,-13.9503,-52.5784,Earthquake,9.2,473,75157378.85,49.0,Medium
2013,Japan,38.0895,139.2649,Tornado,8.2,159,10290439.03,35.4,Low
2016,Australia,-26.2404,132.062,Tornado,6.8,212,11482583.25,30.5,Low
2011,China,34.8384,104.6198,Tornado,8.3,142,5189713.3,35.1,Low
2015,India,19.4957,80.4837,Tornado,5.2,279,18286839.77,25.4,Low
2013,Mexico,24.4284,-103.8647,Flood,6.7,2250,76287984.52,56.9,Medium
2010,China,35.7681,105.9307,Drought,5.7,1191,27215427.71,37.4,Low
2015,Italy,42.2005,14.295,Flood,4.7,232,13896054.4,22.5,Low
2011,UK,55.1522,-5.1852,Flood,7.9,377,13780050.59,36.7,Low
2023,Australia,-23.8635,133.161,Earthquake,8.5,472,58747613.65,44.6,Medium
2021,Germany,51.5024,11.8866,Flood,5.1,375,10717389.68,25.2,Low
2020,Brazil,-12.837,-52.394,Flood,7.3,1115,45152826.91,44.9,Medium
2015,Mexico,22.1957,-101.6008,Earthquake,6.5,167,17448964.81,29.4,Low
2022,Mexico,22.9633,-102.9761,Earthquake,8.5,451,46379825.39,43.1,Medium
2012,China,36.372,105.5483,Drought,5.2,981,28858123.13,33.5,Low
2012,USA,37.3847,-96.8364,Flood,7.2,2463,70012027.72,60.4,Medium
2010,Japan,35.509,137.8015,Flood,5.0,2420,96274504.33,53.8,Medium
2014,USA,35.9088,-94.149,Flood,5.8,755,12462668.88,32.0,Low
2023,Japan,35.4401,137.421,Earthquake,6.7,160,13159358.12,29.7,Low
2017,Japan,36.003,138.5678,Hurricane/Typhoon,7.8,2995,191005237.41,80.3,High
2021,Mexico,24.9548,-104.4193,Wildfire,9.4,371,37008323.5,45.0,Medium
2023,Italy,42.1463,11.6823,Wildfire,9.3,206,23077864.44,41.6,Medium
2012,China,36.4465,106.0791,Hurricane/Typhoon,6.1,2207,123172135.12,58.8,Medium
2022,Canada,55.3384,-104.9741,Flood,5.0,1701,98022188.63,46.8,Medium
2021,Japan,37.4603,138.688,Earthquake,7.4,235,31446450.23,35.1,Low
2017,Australia,-23.7814,135.4591,Flood,4.9,2331,139232338.05,56.8,Medium
2017,China,34.7951,102.7352,Flood,5.8,641,15831854.38,31.2,Low
2019,Italy,40.7889,11.4378,Earthquake,7.6,119,20002422.9,33.6,Low
2010,USA,38.6936,-94.5767,Earthquake,8.9,498,90988750.09,49.7,Medium
2011,USA,37.0036,-95.2702,Wildfire,6.4,108,6712119.48,27.4,Low
2010,China,34.7024,102.503,Drought,6.6,1291,27269240.76,42.0,Medium
2014,Japan,36.1505,137.19,Flood,7.2,739,12636901.52,37.5,Low
2013,Brazil,-14.3962,-50.1338,Wildfire,8.6,66,3719805.44,35.4,Low
2023,Philippines,14.7004,122.4177,Flood,4.2,1729,30485790.41,37.1,Low
2012,Mexico,24.5188,-100.8848,Earthquake,9.1,523,87632665.45,50.4,Medium
2018,Canada,57.4568,-106.4349,Hurricane/Typhoon,7.0,1366,88564880.84,50.5,Medium
2021,China,37.1896,105.9329,Flood,5.2,1782,55579215.23,44.2,Medium
2019,Brazil,-14.0827,-50.238,Flood,7.0,807,24433158.08,38.5,Low
2018,Italy,40.1264,11.1822,Hurricane/Typhoon,8.2,2695,234239878.06,83.2,High
2016,Australia,-25.6932,133.9051,Wildfire,9.1,200,23260160.41,40.7,Medium
2011,Germany,51.6688,10.2555,Wildfire,5.3,240,13675458.63,25.0,Low
2022,USA,39.0073,-97.2331,Hurricane/Typhoon,7.1,1265,103493880.81,51.4,Medium
2014,Canada,56.3412,-105.1106,Wildfire,5.2,125,10226127.79,23.1,Low
2013,USA,38.3875,-96.5446,Flood,6.8,1123,47078283.04,43.1,Medium
2014,India,20.941,79.4377,Earthquake,7.2,662,78248884.74,43.2,Medium
2011,Italy,42.9273,12.536,Flood,4.6,2216,127509947.77,53.3,Medium
2010,Philippines,11.8691,122.0002,Flood,4.1,1384,30080421.09,33.2,Low
2013,USA,35.7946,-94.9935,Wildfire,6.2,441,48289419.08,34.0,Low
2016,Japan,34.9812,139.1938,Wildfire,8.7,257,30411153.91,40.4,Medium
2020,Australia,-25.4987,135.3894,Flood,6.3,2324,87055433.45,57.1,Medium
2022,China,37.5498,102.237,Hurricane/Typhoon,8.2,342,31330922.36,39.4,Low
2019,China,35.3701,104.2199,Earthquake,8.1,370,38012312.15,39.9,Low
2017,Philippines,12.8573,122.2657,Drought,4.6,1399,32398954.87,35.6,Low
2011,Japan,37.7106,139.2143,Hurricane/Typhoon,6.1,2152,205035918.96,66.4,Medium
2011,Germany,52.3392,9.0901,Earthquake,6.5,478,42860543.69,35.1,Low
2023,India,20.7609,77.527,Hurricane/Typhoon,5.1,1810,134595721.58,52.0,Medium
2017,Canada,54.7336,-107.1966,Flood,8.2,1881,46698615.71,56.3,Medium
2019,Japan,35.471,139.2798,Wildfire,6.8,496,33284309.43,35.5,Low
2018,China,37.1095,104.773,Flood,6.8,1415,63510313.43,47.7,Medium
2010,Canada,54.301,-106.8321,Earthquake,6.9,576,47950929.44,38.2,Low
2020,China,35.2186,102.9681,Wildfire,6.0,91,4827791.82,25.4,Low
2018,Brazil,-12.8233,-53.0222,Tornado,4.3,338,8457597.42,21.4,Low
2019,Mexico,22.0074,-101.2347,Wildfire,6.7,353,30285750.02,33.4,Low
2013,Italy,40.3206,12.05,Flood,6.0,1908,74622539.83,50.5,Medium
2021,Canada,55.3218,-108.3063,Wildfire,5.5,384,26246427.41,28.5,Low
2012,Brazil,-14.6721,-49.9647,Wildfire,8.8,50,2649030.83,36.0,Low
2014,India,20.8701,78.9699,Drought,4.8,1174,23020767.41,33.2,Low
2016,Mexico,23.7131,-101.4462,Drought,5.6,677,19575205.58,31.1,Low
2010,India,19.8332,79.9414,Hurricane/Typhoon,7.9,1191,68806044.5,50.4,Medium
2019,Japan,36.6421,139.1094,Hurricane/Typhoon,5.6,607,31320275.09,31.6,Low
2015,USA,37.8507,-97.5281,Flood,5.1,1088,55284213.07,36.8,Low
2013,USA,38.021,-93.9594,Drought,5.3,329,3882513.22,24.9,Low
2019,Mexico,23.4161,-101.2485,Hurricane/Typhoon,7.4,2810,159217704.54,73.6,High
2016,Philippines,11.2561,120.4135,Wildfire,5.5,70,3779363.99,23.1,Low
2012,Italy,41.559,10.6437,Wildfire,5.8,52,2827092.17,24.0,Low
2020,Australia,-26.4832,132.4152,Earthquake,7.9,243,44895751.99,38.5,Low
2020,USA,37.6172,-96.4035,Flood,5.1,2368,131332834.19,57.2,Medium
2011,Brazil,-16.2224,-52.4989,Wildfire,9.2,225,21644759.94,41.2,Medium
2018,Brazil,-13.7841,-53.6814,Earthquake,8.4,217,38781414.19,39.6,Low
